,companyClass,companyName,companySpeak,place,url,workMoney,workName,workNeed
0,"
电子商务,教育/A轮
",italki,"“国际化团队,全球用户,在线教育,超长个人假”",[上海・曹家渡],https://www.lagou.com/jobs/3811478.html,10k-20k,Python,"
经验3-5年 / 本科
                                "
1,"
移动互联网,企业服务/上市公司
",Veeva,"“纽交所上市,云计算,SaaS,生命科学”",[北京・朝阳区],https://www.lagou.com/jobs/3469697.html,15k-25k,Python软件开发工程师,"
经验3-5年 / 本科
                                "
2,"
移动互联网/不需要融资
",武汉佰钧成技术有限公司,"“周末双休,六险一金,技术提升”",[杭州・余杭区],https://www.lagou.com/jobs/3374298.html,11k-20k,python开发工程师,"
经验1-3年 / 大专
                                "
3,"
移动互联网,金融/上市公司
",众禄金融,"“新三板挂牌,互联网金融,团队氛围”",[深圳・罗湖区],https://www.lagou.com/jobs/3098439.html,18k-25k,Python开发工程师,"
经验1-3年 / 本科
                                "
4,"
企业服务/上市公司
",长亮科技,"“弹性时间,美女如云,领导Nic”",[深圳・南山区],https://www.lagou.com/jobs/3809939.html,10k-15k,Python 开发工程师,"
经验1-3年 / 本科
                                "
5,"
移动互联网,O2O/B轮
",斗米兼职,"“优秀的团队,巨大前景,发展空间”",[北京・海淀区],https://www.lagou.com/jobs/3740174.html,15k-30k,高级php/python开发工程师,"
经验3-5年 / 本科
                                "
6,"
移动互联网,文化娱乐/不需要融资
",爱竞彩,"“非常焦急,钱景无量,加班不多,零食随便”",[广州・越秀区],https://www.lagou.com/jobs/3727531.html,8k-10k,Python开发,"
经验不限 / 不限
                                "
7,"
移动互联网,数据服务/不需要融资
",捷通华声,“人工智能 项目奖金 五险一金 半年调薪”,[北京・西二旗],https://www.lagou.com/jobs/2401740.html,15k-25k,Python开发工程师,"
经验1-3年 / 本科
                                "
8,"
移动互联网,社交网络/A轮
",BOO!,“前景广阔”,[西安・科技二路],https://www.lagou.com/jobs/3498270.html,15k-30k,python开发工程师,"
经验3-5年 / 不限
                                "
9,"
企业服务,数据服务/B轮
",数美,"“飞速发展,技术氛围浓,待遇好,发展快”",[北京・望京],https://www.lagou.com/jobs/3684787.html,15k-30k,python研发工程师,"
经验1年以下 / 硕士
                                "
10,"
移动互联网,数据服务/A轮
",云盾,"“加薪晋职多,福利待遇好,技术提升快,公司环境棒”",[上海・七宝],https://www.lagou.com/jobs/3703019.html,15k-30k,Python开发工程师,"
经验1-3年 / 本科
                                "
11,"
移动互联网/未融资
",康通,"“五险一金,亲属关爱金,免费中晚餐,福利齐全”",[长沙・张公岭],https://www.lagou.com/jobs/3692964.html,7K-14K,Python工程师,"
7K-14K
经验1-3年 / 本科
                                "
12,"
移动互联网/不需要融资
",iHandy,"“六险一金,福利待遇佳,硅谷式办公,免费水果”",[北京・五道口],https://www.lagou.com/jobs/3232579.html,15k-30k,Python开发工程师,"
经验1-3年 / 本科
                                "
13,"
移动互联网,硬件/B轮
",SENSORO,"“期权激励,补充保险,工程师文化,出国考察”",[北京・望京],https://www.lagou.com/jobs/3811107.html,15k-25k,Python研发工程师,"
经验1-3年 / 本科
                                "
14,"
数据服务,企业服务/A轮
",灵雀云,"“前沿科技,靠谱团队,工程师文化,H1B计划”",[北京・北京大学],https://www.lagou.com/jobs/2483626.html,13k-25k,Python,"
经验不限 / 本科
                                "
15,"
移动互联网,企业服务/上市公司
",Veeva,"“纽交所上市,云计算,股票,年度旅游”",[北京・燕莎],https://www.lagou.com/jobs/3642995.html,20k-30k,Python工程师,"
经验3-5年 / 本科
                                "
16,"
移动互联网,金融/上市公司
",众禄金融,"“五险一金,高速发展,新三板,发展机会”",[深圳・罗湖区],https://www.lagou.com/jobs/3684449.html,18k-25k,Python开发工程师,"
经验3-5年 / 大专
                                "
17,"
企业服务,数据服务/B轮
",数美,"“飞速发展,发展快,海量数据”",[北京・望京],https://www.lagou.com/jobs/3684796.html,15k-30k,python研发工程师,"
经验1-3年 / 本科
                                "
18,"
移动互联网,社交网络/A轮
",BOO!,“扁平管理、健身福利、设备补助、发展空间大”,[西安・沣惠南路],https://www.lagou.com/jobs/3785388.html,15K-25K,Python开发工程师,"
15K-25K
经验3-5年 / 大专
                                "
19,"
电子商务/D轮及以上
",YKS,"“大公司,跨境电商,奖金多”",[深圳・龙岗区],https://www.lagou.com/jobs/2794191.html,8k-16k,python开发工程师,"
经验1-3年 / 本科
                                "
20,"
数据服务/B轮
",好巧,"“带薪年假,五险一金,弹性工作”",[武汉・中南路],https://www.lagou.com/jobs/3451717.html,10k-20k,python工程师,"
经验3-5年 / 本科
                                "
21,"
移动互联网,数据服务/D轮及以上
",华云数据,“绩效奖金 年终奖金 交通补贴 餐饮补贴”,[上海・五角场],https://www.lagou.com/jobs/2438996.html,18k-28k,Python开发工程师,"
经验3-5年 / 本科
                                "
22,"
金融/A轮
",榆钱金融,“发展空间大、福利待遇好”,[武汉・武珞路],https://www.lagou.com/jobs/1996754.html,10k-20k,Python,"
经验1-3年 / 大专
                                "
23,"
数据服务,金融/天使轮
",源杉FIR.ai,"“人工智能,股票激励,大牛团队,发展空间大”",[上海・杨浦区],https://www.lagou.com/jobs/3661532.html,15k-30k,Python开发工程师,"
经验3-5年 / 本科
                                "
24,"
金融,企业服务/天使轮
",程创科技,"“高速成长,期权,创业,五险一金”",[北京・中关村],https://www.lagou.com/jobs/3722369.html,15k-20k,Python,"
经验1-3年 / 本科
                                "
25,"
医疗健康,数据服务/B轮
",推想科技,"“弹性工时,五险一金,团队牛逼,14薪”",[大连・中山区],https://www.lagou.com/jobs/3626993.html,10k-15k,python工程师,"
经验1-3年 / 大专
                                "
26,"
金融/C轮
",智融集团,"“文化开放,弹性不打卡,发展快速,上升空间”",[北京・学院路],https://www.lagou.com/jobs/2879999.html,20k-40k,Python开发工程师,"
经验3-5年 / 本科
                                "
27,"
移动互联网/D轮及以上
",ofo,"“生日礼金,绩效奖金,团建,免费健身”",[北京・海淀区],https://www.lagou.com/jobs/2683634.html,25k-35k,Python研发工程师,"
经验3-5年 / 本科
                                "
28,"
移动互联网/B轮
",Yi+,"“绩效奖金,弹性工作,技术大牛,晋升空间”",[北京・中关村],https://www.lagou.com/jobs/3307756.html,15k-30k,Python开发工程师,"
经验3-5年 / 本科
                                "
29,"
移动互联网/A轮
",果雪科技,"“技术牛,福利好,氛围好,老板牛”",[上海・莘庄],https://www.lagou.com/jobs/3376282.html,15k-30k,Python 工程师,"
经验3-5年 / 本科
                                "
30,"
移动互联网,金融/上市公司
",众禄金融,"“互联网金融,新三板,团队氛围”",[深圳・罗湖区],https://www.lagou.com/jobs/3726722.html,18k-25k,Python开发工程师,"
经验1-3年 / 本科
                                "
31,"
移动互联网,企业服务/上市公司
",Veeva,"“纽交所上市,云计算,SaaS,生命科学”",[北京・朝阳区],https://www.lagou.com/jobs/3554732.html,25k-35k,Python,"
经验3-5年 / 本科
                                "
32,"
企业服务,数据服务/B轮
",数美,"“飞速发展,技术氛围浓,大牛担任导”",[北京・望京],https://www.lagou.com/jobs/3684783.html,15k-30k,python研发工程师,"
经验1年以下 / 硕士
                                "
33,"
移动互联网,企业服务/A轮
",超对称,"“五险一金,每周运动,无限量零食,好老板”",[北京・朝阳区],https://www.lagou.com/jobs/3265326.html,10k-20k,Python开发工程师,"
经验1-3年 / 本科
                                "
34,"
移动互联网,O2O/C轮
",航仕科技,“BAT的薪资福利待遇，更有技术大牛传授技术”,[深圳・科技园],https://www.lagou.com/jobs/2022151.html,20k-35k,Python开发,"
经验3-5年 / 本科
                                "
35,"
移动互联网,游戏/上市公司
",点触,“六险一金，双休，班车接送，免费早餐”,[厦门・软件园],https://www.lagou.com/jobs/517332.html,10k-15k,Python程序员,"
经验不限 / 不限
                                "
36,"
移动互联网,游戏/D轮及以上
",赤子城,"“五险一金,福利好”",[济南・槐荫区],https://www.lagou.com/jobs/3801867.html,4k-8k,Python开发工程师,"
经验1-3年 / 本科
                                "
37,"
移动互联网,企业服务/A轮
",优维科技,"“牛人带队,DevOp,A轮,期权”",[广州・天河公园],https://www.lagou.com/jobs/2846934.html,8k-15k,Python开发工程师,"
经验1-3年 / 本科
                                "
38,"
移动互联网,数据服务/上市公司
",文思海辉,“优秀团队”,[无锡・新吴区],https://www.lagou.com/jobs/3288898.html,10k-15k,Python高级工程师,"
经验不限 / 本科
                                "
39,"
移动互联网,企业服务/未融资
",云顶云,"“福利完善,扁平管理,技能培训,绩效奖金”",[天津・南开区],https://www.lagou.com/jobs/3729686.html,5k-10k,Python开发工程师,"
经验1-3年 / 大专
                                "
40,"
移动互联网,金融/A轮
",Alading Bank,"“发展前景好,大牛云集,福利暖心,潜力无限”",[上海・打浦桥],https://www.lagou.com/jobs/3771059.html,12k-18k,Python开发工程师,"
经验1-3年 / 大专
                                "
41,"
移动互联网/A轮
",卓翰科技,“技术实力强 团队氛围佳”,[武汉・江夏区],https://www.lagou.com/jobs/2017171.html,15k-25k,Python研发工程师,"
经验1-3年 / 本科
                                "
42,"
移动互联网/不需要融资
",武汉佰钧成技术有限公司,"“牛人团队,薪资高,福利好”",[武汉・观澜],https://www.lagou.com/jobs/3313488.html,15k-30k,Python,"
经验3-5年 / 大专
                                "
43,"
O2O,医疗健康/B轮
",医渡云,"“十四薪,带薪年假,免费三餐,租房补助”",[北京・学院路],https://www.lagou.com/jobs/3680735.html,18k-35k,Python开发工程师,"
经验3-5年 / 大专
                                "
44,"
移动互联网,电子商务/不需要融资
",10com,"“弹性工作,扁平管理,家属福利,五险一金”",[厦门・开元],https://www.lagou.com/jobs/3511595.html,10k-20k,Python工程师,"
经验3-5年 / 本科
                                "
45,"
移动互联网,金融/上市公司
",众禄金融,"“新三板企业,福利好,团队扁平化,快速发展”",[深圳・罗湖区],https://www.lagou.com/jobs/3318321.html,18k-25k,python,"
经验1-3年 / 大专
                                "
46,"
移动互联网,企业服务/上市公司
",Veeva,"“纽交所上市,云计算,SaaS,生命科学”",[北京・朝阳区],https://www.lagou.com/jobs/3643268.html,15k-20k,Python工程师,"
经验1-3年 / 本科
                                "
47,"
移动互联网/上市公司
",易宝软件科技（南京）有限公司,"“技术先进,晋升空间大,团队氛围好,美女帅哥多”",[南京・安德门],https://www.lagou.com/jobs/3740855.html,6k-12k,python开发工程师,"
经验1-3年 / 本科
                                "
48,"
电子商务,教育/A轮
",italki,"“国际化团队,福利太多,企业文化,技术驱动”",[上海・曹家渡],https://www.lagou.com/jobs/3018083.html,13k-20k,Python工程师,"
经验3-5年 / 本科
                                "
49,"
移动互联网/不需要融资
",辰运软件,"“五险一金,年底双薪,交通补助,餐补”",[长沙・岳麓区],https://www.lagou.com/jobs/2698641.html,10k-15k,Python工程师,"
经验不限 / 不限
                                "
50,"
企业服务,生活服务/未融资
",新希望软件,“出国机会，上升空间，踏实做事，靠谱”,[宁波・倪家堰],https://www.lagou.com/jobs/2554262.html,10k-15k,Python,"
经验3-5年 / 本科
                                "
51,"
移动互联网/D轮及以上
",小米,“MIUI”,[北京・海淀区],https://www.lagou.com/jobs/3661337.html,18k-25k,Python开发工程师,"
经验1-3年 / 本科
                                "
52,"
移动互联网,数据服务/D轮及以上
",华云数据,“绩效奖金 年终奖 五险一金 双休”,[上海・五角场],https://www.lagou.com/jobs/1846627.html,15k-30k,Python,"
经验不限 / 本科
                                "
53,"
移动互联网/A轮
",果雪科技,"“技术大牛,各类补贴,氛围好,年终奖金”",[上海・漕宝路],https://www.lagou.com/jobs/3773567.html,15k-25k,Python开发,"
经验3-5年 / 本科
                                "
54,"
移动互联网,教育/B轮
",进馨科技,“福利好、发展前景大、工作氛围好、妹子多”,[上海・张江],https://www.lagou.com/jobs/2108656.html,15k-25k,Python开发工程师,"
经验1-3年 / 本科
                                "
55,"
移动互联网,数据服务/A轮
",ZingFront智线,"“五险一金,带薪年假”",[廊坊・广阳区],https://www.lagou.com/jobs/3390706.html,8k-10k,Python中级工程师,"
经验1-3年 / 本科
                                "
56,"
电子商务/不需要融资
",Shopee,“东南亚跨境电商平台、福利棒、美女多”,[深圳・科技园],https://www.lagou.com/jobs/2614417.html,15k-30k,Python开发工程师,"
经验1-3年 / 本科
                                "
57,"
教育,移动互联网/天使轮
",研途教育,"“很多妹纸,弹性工作,老齐带队~,零食饮料”",[苏州・独墅湖],https://www.lagou.com/jobs/2916566.html,6k-10k,Python程序员,"
经验1-3年 / 本科
                                "
58,"
O2O/不需要融资
",家园网,“福利好，14薪”,[北京・广渠门],https://www.lagou.com/jobs/1911203.html,18k-30k,Python工程师,"
经验3-5年 / 本科
                                "
59,"
移动互联网/不需要融资
",博尼施,“旅游，年底双薪+奖金，公积金，社保”,[重庆・大坪],https://www.lagou.com/jobs/1025212.html,6k-8k,Python研发工程师,"
经验1-3年 / 本科
                                "
60,"
移动互联网,企业服务/上市公司
",Veeva,"“纽交所上市,云计算,SaaS,生命科学”",[北京・朝阳区],https://www.lagou.com/jobs/3165676.html,25k-35k,高级Python开发工程师,"
经验3-5年 / 本科
                                "
61,"
金融、移动互联网/未融资
",贝壳金控,"“扁平管理,创业氛围”",[北京・朝阳区],https://www.lagou.com/jobs/3738239.html,15k-30k,python开发工程师,"
经验3-5年 / 本科
                                "
62,"
金融/不需要融资
",多快好省,“弹性上班、五险一金、绩效奖金、年终奖金；”,[厦门・中华],https://www.lagou.com/jobs/1399621.html,8k-16k,Python工程师,"
经验1-3年 / 本科
                                "
63,"
广告营销,文化娱乐/D轮及以上
",爱奇艺,“空间大”,[上海・漕宝路],https://www.lagou.com/jobs/3772626.html,25k-40k,Python开发工程师,"
经验3-5年 / 本科
                                "
64,"
移动互联网/D轮及以上
",小米,"“超赞团队,小米期权,发展空间”",[北京・西三旗],https://www.lagou.com/jobs/3807130.html,25k-35k,Python开发工程师,"
经验3-5年 / 本科
                                "
65,"
移动互联网/C轮
",酷家乐,“期权激励、年度旅游、年终丰厚、零食水果”,[杭州・拱墅区],https://www.lagou.com/jobs/3712940.html,15k-23k,Python研发工程师,"
经验1-3年 / 本科
                                "
66,"
游戏/未融资
",515游戏,"“国内外旅游,五险一金,任性下午茶,年终奖金”",[深圳・南头],https://www.lagou.com/jobs/3644893.html,15k-25k,Python,"
经验3-5年 / 大专
                                "
67,"
移动互联网,O2O/A轮
",爱咔咔,"“北大团队,五百强大牛,期权奖励,专业培训”",[北京・上地],https://www.lagou.com/jobs/3263789.html,15k-30k,Python工程师,"
经验3-5年 / 本科
                                "
68,"
移动互联网,教育/B轮
",学堂在线,"“五险一金,餐补,生日会,优秀团队”",[北京・五道口],https://www.lagou.com/jobs/3167076.html,20k-30k,Python开发工程师,"
经验3-5年 / 本科
                                "
69,"
金融/A轮
",上海哈杜,"“福利好,涨薪30%”",[上海・世纪公园],https://www.lagou.com/jobs/3741051.html,15k-25k,Python工程师,"
经验3-5年 / 本科
                                "
70,"
移动互联网,数据服务/A轮
",ZingFront智线,"“五险一金,补充医疗险,房租补贴,带薪年假”",[廊坊・广阳区],https://www.lagou.com/jobs/3388937.html,8k-15k,Python中级工程师,"
经验1-3年 / 本科
                                "
71,"
数据服务,企业服务/上市公司
",听云,"“七险一金,一流技术团,不打卡,项目好”",[北京・三元桥],https://www.lagou.com/jobs/3374435.html,15k-25k,Python研发工程师,"
经验3-5年 / 本科
                                "
72,"
电子商务,移动互联网/B轮
",杭州嘉云数据科技有限公司,"“大中型项目,电商”",[杭州・古荡],https://www.lagou.com/jobs/3292264.html,15k-20k,Python 开发工程师,"
经验1-3年 / 本科
                                "
73,"
移动互联网/C轮
",春雨移动健康,“有挑战，自主加薪，技术氛围好”,[北京・清河],https://www.lagou.com/jobs/2182008.html,20k-40k,Python,"
经验3-5年 / 本科
                                "
74,"
移动互联网,金融/B轮
",老虎证券,"“加班少,福利好”",[北京・燕莎],https://www.lagou.com/jobs/3447959.html,20k-40k,python开发工程师,"
经验1-3年 / 本科
                                "
75,"
移动互联网,企业服务/上市公司
",Veeva,"“纽交所上市,云计算,SaaS,生命科学”",[北京・三元桥],https://www.lagou.com/jobs/3643144.html,20k-30k,高级Python工程师,"
经验3-5年 / 本科
                                "
76,"
移动互联网,金融/未融资
",博奥特科技,"“晋升空间大,五险一金”",[深圳・福田区],https://www.lagou.com/jobs/3773745.html,10k-15k,Python开发工程师,"
经验1-3年 / 大专
                                "
77,"
移动互联网/不需要融资
",云蜂科技,"“发展空间大,技术氛围好,办公环境好,简单开放”",[北京・学院路],https://www.lagou.com/jobs/3085536.html,15k-25k,Python工程师,"
经验3-5年 / 本科
                                "
78,"
移动互联网/未融资
",创新工场AI工程院,"“谷歌大牛,商业资源,成长空间大,人工智能”",[北京・海淀区],https://www.lagou.com/jobs/3553906.html,15k-30k,python开发工程师,"
经验1-3年 / 本科
                                "
79,"
数据服务/C轮
",聚合数据,"“福利待遇好,不用打卡,团队氛围好,技术牛”",[苏州・独墅湖],https://www.lagou.com/jobs/3193398.html,8k-15k,Python开发工程师,"
经验不限 / 本科
                                "
80,"
医疗健康,数据服务/B轮
",推想科技,"“弹性工时,五险一金,团队牛逼,14薪”",[武汉・宗关],https://www.lagou.com/jobs/3627014.html,10k-15k,python工程师,"
经验1-3年 / 大专
                                "
81,"
移动互联网,医疗健康/不需要融资
",健培,"“双休,五险一金,工作8小时,海外团队”",[杭州・下沙],https://www.lagou.com/jobs/3449320.html,8k-15k,python开发,"
经验1-3年 / 大专
                                "
82,"
企业服务/B轮
",美洽,"“优秀的团队,15薪,半年涨薪,前景明朗”",[北京・回龙观],https://www.lagou.com/jobs/2711869.html,18k-30k,python,"
经验3-5年 / 本科
                                "
83,"
移动互联网/A轮
",码隆科技,"“弹性工作,技术大牛多,高颜值团队”",[深圳・沙头角],https://www.lagou.com/jobs/3801524.html,20k-40k,Python开发工程师,"
经验不限 / 不限
                                "
84,"
金融/上市公司
",众安保险,“福利多、待遇优”,[上海・外滩],https://www.lagou.com/jobs/3717154.html,15k-25k,python工程师,"
经验3-5年 / 本科
                                "
85,"
移动互联网,电子商务/A轮
",掌控,“行业第一 技术导向 大用户 大数据 超强团队”,[北京・海淀区],https://www.lagou.com/jobs/2469568.html,15k-30k,Python研发中级工程师,"
经验3-5年 / 本科
                                "
86,"
移动互联网、金融/C轮
",会分期,"“股票期权,弹性工作制,行业龙头,地铁周边”",[北京・西二旗],https://www.lagou.com/jobs/3177447.html,15k-30k,python开发工程师,"
经验3-5年 / 本科
                                "
87,"
数据服务/不需要融资
",橙鹰,"“空间大,方向好,氛围好,有激情”",[杭州・仓前],https://www.lagou.com/jobs/3637443.html,25k-45k,Python研发工程师-数据方向,"
经验3-5年 / 不限
                                "
88,"
移动互联网/B轮
",信用飞/首付游,"“年轻团队,扁平管理,弹性工作,简单透明”",[上海・漕河泾],https://www.lagou.com/jobs/3470527.html,15k-25k,Python开发工程师,"
经验1-3年 / 本科
                                "
89,"
移动互联网,电子商务/B轮
",第三石科技,“活跃的技术氛围，六险一金，福利多多”,[北京・望京],https://www.lagou.com/jobs/3347357.html,15k-30k,Python开发工程师,"
经验3-5年 / 本科
                                "
90,"
移动互联网,企业服务/上市公司
",Veeva,"“纽交所上市,云计算,SaaS,生命科学”",[北京・朝阳区],https://www.lagou.com/jobs/3643258.html,20k-30k,高级Python开发工程师,"
经验3-5年 / 本科
                                "
91,"
移动互联网,医疗健康/不需要融资
",健培,“高薪、五险一金、氛围好”,[杭州・下沙],https://www.lagou.com/jobs/2561733.html,10k-15k,Python软件开发,"
经验1-3年 / 本科
                                "
92,"
移动互联网/不需要融资
",掌阅,"“管理扁平化,发展机会佳,薪资待遇好”",[北京・四惠],https://www.lagou.com/jobs/2384086.html,15k-25k,Python研发工程师（中高级）,"
经验3-5年 / 本科
                                "
93,"
企业服务,金融/上市公司
",上海中软华腾软件系统有限公司,“领导nice 大数据研发 专业团队”,[上海・唐镇],https://www.lagou.com/jobs/2428633.html,12k-20k,Python开发工程师,"
经验3-5年 / 本科
                                "
94,"
移动互联网,旅游/上市公司
",携程,“跟优秀的团队一起工作”,[上海・长征],https://www.lagou.com/jobs/3602030.html,15k-25k,Python开发工程师,"
经验3-5年 / 本科
                                "
95,"
社交网络/上市公司
",陌陌,"“完善的福利,竞争力薪酬,技术氛围好,上升空间大”",[北京・望京],https://www.lagou.com/jobs/3163367.html,18k-35k,Python 开发工程师,"
经验3-5年 / 本科
                                "
96,"
数据服务,招聘/A轮
",谷露软件,"“工程师文化,大牛,高薪”",[上海・人民广场],https://www.lagou.com/jobs/3147933.html,15k-25k,Python工程师,"
经验1-3年 / 本科
                                "
97,"
企业服务,移动互联网/天使轮
",齿轮易创,"“扁平化管理,团队氛围好,自我实现,快速成长”",[北京・三元桥],https://www.lagou.com/jobs/3634635.html,15k-30k,python工程师,"
经验3-5年 / 本科
                                "
98,"
移动互联网,企业服务/A轮
",壤歌,"“技术氛围,技术驱动,氛围年轻,福利多”",[上海・上海师大],https://www.lagou.com/jobs/2441033.html,12k-24k,Python,"
经验3-5年 / 不限
                                "
99,"
企业服务,数据服务/不需要融资
",坚果云,"“带薪年假,技术强,领导好”",[上海・浦东新区],https://www.lagou.com/jobs/3172871.html,20k-40k,Python开发工程师,"
经验3-5年 / 本科
                                "
100,"
文化娱乐/上市公司
",多牛传媒,"“五险一金,带薪年假,零食饮料,帅哥美女”",[北京・海淀区],https://www.lagou.com/jobs/3470409.html,12k-24k,Python开发工程师-WEB-DNJS0007,"
经验3-5年 / 本科
                                "
101,"
电子商务、广告营销/天使轮
",南方网通,"“五险一金,提供住宿,员工旅游”",[深圳・南头],https://www.lagou.com/jobs/3437614.html,20k-25k,Python AI工程师,"
经验3-5年 / 本科
                                "
102,"
O2O,生活服务/D轮及以上
",齐家网,“互联网公司 O2O行业 多轮风投”,[上海・丰庄],https://www.lagou.com/jobs/1164633.html,8k-16k,Python开发工程师,"
经验1-3年 / 不限
                                "
103,"
信息安全,数据服务/B轮
",极验,“双休+弹性工作制+五险一金+餐补”,[武汉],https://www.lagou.com/jobs/1892699.html,9k-18k,Python（极验验证）,"
经验3-5年 / 不限
                                "
104,"
移动互联网/A轮
",千锋教育,"“五险一金,绩效奖金,朝九晚六,周末双休”",[北京・西三旗],https://www.lagou.com/jobs/3495793.html,20k-40k,Python,"
经验3-5年 / 本科
                                "
105,"
移动互联网,企业服务/上市公司
",Veeva,"“纽交所上市,云计算,SaaS,生命科学”",[北京・燕莎],https://www.lagou.com/jobs/3469957.html,25k-35k,高级Python开发工程师,"
经验5-10年 / 本科
                                "
106,"
移动互联网/A轮
",飞常准,"“六险一金,周末双休,年终奖金,境外旅游”",[南京・百家湖],https://www.lagou.com/jobs/3076555.html,10k-18k,Python,"
经验3-5年 / 本科
                                "
107,"
移动互联网/未融资
",康通,"“福利齐全,大牛并肩,钱途前景”",[长沙・张公岭],https://www.lagou.com/jobs/3806282.html,10k-20k,高级Python工程师,"
经验1-3年 / 本科
                                "
108,"
金融/上市公司
",中赢金融,“互联网金融 专业团队 氛围轻松”,[上海・五角场],https://www.lagou.com/jobs/3735346.html,15k-25k,Python高级开发工程师,"
经验3-5年 / 大专
                                "
109,"
移动互联网,企业服务/C轮
",驻云,"“阿里云,晋升快,空间大”",[上海・张江],https://www.lagou.com/jobs/2732718.html,12k-18k,Python开发工程师,"
经验3-5年 / 大专
                                "
110,"
金融/B轮
",钱方好近,"“试用期全薪,餐补,六险一金,年终奖”",[北京・望京],https://www.lagou.com/jobs/3455542.html,20k-30k,Python开发,"
经验3-5年 / 本科
                                "
111,"
金融/不需要融资
",雁联计算,“福利好、同事氛围融洽、职位晋升空间大”,[上海・陆家嘴],https://www.lagou.com/jobs/3736946.html,10k-17k,Python开发工程师,"
经验1-3年 / 本科
                                "
112,"
企业服务/A轮
",博晨技术,“发展空间 技术大牛 弹性工作 班车接送”,[北京・望京],https://www.lagou.com/jobs/2311758.html,15k-25k,Python,"
经验1-3年 / 本科
                                "
113,"
移动互联网,O2O/A轮
",小闪快送,“帅哥美女 扁平化 团队棒 期权 环境佳”,[深圳・南山区],https://www.lagou.com/jobs/2456524.html,15k-30k,Python,"
经验3-5年 / 本科
                                "
114,"
移动互联网,电子商务/未融资
",Symbio-Freeborders,"“8天年假,13薪,年度体检,商业保险”",[深圳・南山区],https://www.lagou.com/jobs/3628155.html,16k-20k,Python,"
经验1-3年 / 大专
                                "
115,"
电子商务,企业服务/不需要融资
",360企业安全,“五险一金，弹性工作，餐饮补贴，节日福利”,[北京・酒仙桥],https://www.lagou.com/jobs/3378858.html,15k-30k,python 开发工程师,"
经验3-5年 / 不限
                                "
116,"
移动互联网,数据服务/上市公司
",文思海辉,"“六险一金,弹性工作制”",[成都・高新区],https://www.lagou.com/jobs/3759246.html,10k-20k,Python开发工程师,"
经验3-5年 / 大专
                                "
117,"
电子商务/A轮
",爱福窝,"“午餐补助,绩效奖金,福利待遇好”",[上海・张江],https://www.lagou.com/jobs/3400019.html,18k-25k,Python开发工程师,"
经验3-5年 / 本科
                                "
118,"
生活服务,电子商务/C轮
",小红书,"“六险一金,年终多多”",[武汉・东湖新技术开发区],https://www.lagou.com/jobs/3775765.html,12k-20k,Python开发工程师,"
经验1-3年 / 本科
                                "
119,"
电子商务/上市公司
",宝尊电商,"“平台好,机会多,氛围好,福利好”",[上海・汶水路],https://www.lagou.com/jobs/3403196.html,10k-19k,Python开发工程师,"
经验3-5年 / 大专
                                "
120,"
移动互联网,企业服务/上市公司
",Veeva,"“纽交所上市,云计算,SaaS,生命科学”",[北京・朝阳区],https://www.lagou.com/jobs/3199947.html,25k-35k,高级软件工程师 （Python）,"
经验3-5年 / 本科
                                "
121,"
生活服务,电子商务/C轮
",小红书,"“六险一金,年底多薪”",[武汉・东湖新技术开发区],https://www.lagou.com/jobs/3772461.html,15k-25k,Python开发工程师,"
经验1-3年 / 本科
                                "
122,"
教育,移动互联网/上市公司
",高思教育集团,"“领导好,氛围好,成长快,平台广阔”",[北京・北航],https://www.lagou.com/jobs/3500676.html,10k-20k,Python工程师-大数据方向,"
经验1-3年 / 本科
                                "
123,"
移动互联网,金融/D轮及以上
",融360,"“公司前景好,发展空间大”",[北京・中关村],https://www.lagou.com/jobs/3565123.html,15k-30k,python研发工程师,"
经验3-5年 / 本科
                                "
124,"
O2O/不需要融资
",家园网,"“股票期权,绩效奖金”",[北京・广渠门],https://www.lagou.com/jobs/3006136.html,18k-30k,高级python工程师,"
经验5-10年 / 本科
                                "
125,"
移动互联网,游戏/A轮
",乐易网络,"“海外手游,鹅厂大神,高配团队”",[深圳・南山区],https://www.lagou.com/jobs/2951745.html,15k-30k,Python,"
经验3-5年 / 本科
                                "
126,"
电子商务、广告营销/天使轮
",南方网通,"“五险一金,提供住宿,员工旅游”",[深圳・南头],https://www.lagou.com/jobs/3437627.html,10k-20k,Python工程师,"
经验1-3年 / 大专
                                "
127,"
金融/不需要融资
",恒昌利通,“BAT及一线互联网技术团队，公司规模4万人”,[北京・西北旺],https://www.lagou.com/jobs/2485216.html,15k-25k,Python开发工程师,"
经验3-5年 / 本科
                                "
128,"
移动互联网/A轮
",乐信圣文,"“项目奖金,五险一金,季度奖金,年终奖”",[北京・西三旗],https://www.lagou.com/jobs/2729942.html,20k-40k,高级Python开发工程师,"
经验3-5年 / 本科
                                "
129,"
金融/C轮
",有利网,"“五险一金,项目制,免费零食,团队活跃”",[北京・中关村],https://www.lagou.com/jobs/3205831.html,13k-26k,python,"
经验3-5年 / 本科
                                "
130,"
O2O/B轮
",瓜子二手车直卖网,“发展空间大 期权奖励”,[北京・上地],https://www.lagou.com/jobs/3709946.html,15k-25k,Python开发工程师,"
经验3-5年 / 本科
                                "
131,"
O2O/A轮
",蛋壳公寓,“领导nice，发展空间大，六险一金”,[北京・朝阳门],https://www.lagou.com/jobs/3236037.html,15k-30k,python工程师,"
经验3-5年 / 本科
                                "
132,"
移动互联网/C轮
",智慧芽,"“技术大牛,不打卡,外企”",[上海・天目西路],https://www.lagou.com/jobs/3288026.html,10k-18k,Python 开发工程师,"
经验1-3年 / 本科
                                "
133,"
移动互联网/不需要融资
",武汉佰钧成技术有限公司,"“五险一金,周末双休,朝九晚六,免费体检”",[武汉・东湖新技术开发区],https://www.lagou.com/jobs/3732912.html,8k-15k,Python开发,"
经验3-5年 / 大专
                                "
134,"
电子商务,生活服务/不需要融资
",五星电器,“五险一金 工作氛围好 SAP上线中 双休”,[南京・山西路],https://www.lagou.com/jobs/3332125.html,7k-12k,Python开发工程师,"
经验1-3年 / 本科
                                "
135,"
移动互联网,企业服务/上市公司
",Veeva,"“纽交所上市,云计算,SaaS,生命科学”",[北京・三元桥],https://www.lagou.com/jobs/3643154.html,15k-20k,Python开发,"
经验1-3年 / 本科
                                "
136,"
移动互联网,游戏/A轮
",乐易网络,"“海外手游,鹅厂大神,高配团队”",[深圳・南山区],https://www.lagou.com/jobs/2951738.html,15k-30k,Python,"
经验3-5年 / 本科
                                "
137,"
移动互联网/不需要融资
",掌阅,"“扁平化管理,福利待遇佳,学习氛围好,晋升空间大”",[北京・四惠],https://www.lagou.com/jobs/2704328.html,25k-35k,高级Python研发工程师,"
经验3-5年 / 本科
                                "
138,"
旅游/B轮
",妙计旅行,“包三餐，年终奖，福利优厚”,[北京・安定门],https://www.lagou.com/jobs/493225.html,8k-15k,Python开发工程师,"
经验1-3年 / 本科
                                "
139,"
O2O/不需要融资
",家园网,"“股票期权,绩效奖金”",[北京・广渠门],https://www.lagou.com/jobs/3011275.html,20k-30k,高级python工程师,"
经验5-10年 / 大专
                                "
140,"
数据服务/B轮
",新华云帆,"“假期多,弹性工作,活动多”",[深圳・科技园],https://www.lagou.com/jobs/2946580.html,12k-20k,python开发工程师,"
经验1-3年 / 本科
                                "
141,"
移动互联网,数据服务/C轮
",搜狗,“技术先进、团队气氛佳”,[北京・五道口],https://www.lagou.com/jobs/3119907.html,20k-40k,技术工程部-python开发工程师,"
经验3-5年 / 本科
                                "
142,"
移动互联网,硬件/C轮
",Face++,"“人工智能,黑科技,大牛多”",[北京・海淀区],https://www.lagou.com/jobs/3682270.html,20k-40k,高级Python开发工程师,"
经验3-5年 / 本科
                                "
143,"
移动互联网/不需要融资
",武汉佰钧成技术有限公司,"“牛人,新技术,大数据,优秀团队”",[上海・塘桥],https://www.lagou.com/jobs/3803129.html,10k-20k,Python工程师（上海）,"
经验1-3年 / 大专
                                "
144,"
教育/B轮
",朗播网,"“出国旅游,免费健身,股票期权,带薪年假”",[北京・上地],https://www.lagou.com/jobs/3684375.html,20k-40k,Python开发工程师,"
经验1-3年 / 本科
                                "
145,"
移动互联网,教育/C轮
",作业盒子,"“五险一金,年终多薪,年度旅游,饭补交通补”",[北京・望京],https://www.lagou.com/jobs/3638488.html,15k-30k,Python工程师,"
经验1-3年 / 本科
                                "
146,"
电子商务/不需要融资
",伊的家,"“成长空间大,技术变现快”",[广州・番禺区],https://www.lagou.com/jobs/2921958.html,12k-17k,python高级开发工程师,"
经验1-3年 / 不限
                                "
147,"
移动互联网,教育/B轮
",学堂在线,“股票期权，五险一金，交补餐补，零食水果”,[北京・海淀区],https://www.lagou.com/jobs/1586857.html,15k-25k,Python开发工程师,"
经验3-5年 / 本科
                                "
148,"
电子商务,数据服务/A轮
",览众数据,"“年终奖丰厚,晋升畅通,五险一金,补贴多多”",[杭州・滨江区],https://www.lagou.com/jobs/3728155.html,15k-30k,高级python工程师,"
经验3-5年 / 本科
                                "
149,"
金融/C轮
",有利网,"“五险一金,假多氛围好,交通便利,大牛领路”",[北京・中关村],https://www.lagou.com/jobs/3298616.html,14k-28k,Python 开发工程师,"
经验3-5年 / 本科
                                "
150,"
O2O/不需要融资
",家园网,"“股票期权,绩效奖金”",[北京・广渠门],https://www.lagou.com/jobs/3265286.html,15k-25k,中级python工程师,"
经验3-5年 / 本科
                                "
151,"
移动互联网,游戏/A轮
",乐易网络,"“海外手游,高配团队,两次调薪,年终奖”",[深圳・南山区],https://www.lagou.com/jobs/3382005.html,15k-30k,Python,"
经验3-5年 / 本科
                                "
152,"
移动互联网,教育/C轮
",作业盒子,"“五险一金,年终多薪,年度旅游”",[北京・望京],https://www.lagou.com/jobs/3638895.html,15k-30k,Python工程师,"
经验1-3年 / 本科
                                "
153,"
金融/C轮
",有利网,"“五险一金,假多氛围好,交通便利,大牛领路”",[北京・中关村],https://www.lagou.com/jobs/3298616.html,14k-28k,Python 开发工程师,"
经验3-5年 / 本科
                                "
154,"
其他/上市公司
",贝尔机器人,"“发展晋升,项目奖多,内部培训,福利津贴”",[深圳・南山区],https://www.lagou.com/jobs/3384712.html,15k-30k,Python 开发工程师,"
经验3-5年 / 本科
                                "
155,"
文化娱乐/上市公司
",新浪网,“系统开发”,[北京・北京大学],https://www.lagou.com/jobs/3521114.html,13k-26k,Python开发工程师,"
经验1-3年 / 本科
                                "
156,"
企业服务,数据服务/A轮
",灵犀联云,"“代码改人生,技术氛围好,领导很实操,资金链稳定”",[北京・朝阳区],https://www.lagou.com/jobs/3418244.html,15k-25k,高级python工程师,"
经验3-5年 / 本科
                                "
157,"
企业服务,数据服务/B轮
",CloudChef,"“大牛如云,云服务,病假年假,团建旅游”",[上海・杨浦区],https://www.lagou.com/jobs/3459907.html,18k-36k,资深Python开发工程师,"
经验3-5年 / 本科
                                "
158,"
移动互联网,社交网络/D轮及以上
",知乎,“薪资优厚、氛围宽松、每日三餐、六险一金”,[北京・五道口],https://www.lagou.com/jobs/3801911.html,15k-30k,Python开发工程师,"
经验3-5年 / 本科
                                "
159,"
金融/C轮
",智融集团,"“成长空间,技术驱动,顶尖团队,弹性工作”",[北京],https://www.lagou.com/jobs/2452260.html,20k-40k,高级Python开发工程师,"
经验3-5年 / 本科
                                "
160,"
移动互联网,游戏/B轮
",艾美网络科技,"“晋升空间大,薪酬福利全,专业培训,氛围好”",[广州・番禺区],https://www.lagou.com/jobs/3634932.html,8k-15k,python开发工程师,"
经验3-5年 / 大专
                                "
161,"
电子商务,企业服务/不需要融资
",360企业安全,“公司平台好；技术氛围浓；福利待遇优厚”,[北京・酒仙桥],https://www.lagou.com/jobs/3460224.html,15k-30k,Python开发工程师,"
经验3-5年 / 本科
                                "
162,"
移动互联网,硬件/C轮
",Face++,"“人工智能,黑科技,大牛多”",[北京・海淀区],https://www.lagou.com/jobs/3164507.html,20k-40k,Python 高级开发工程师,"
经验3-5年 / 本科
                                "
163,"
移动互联网,数据服务/A轮
",ZingFront智线,“带薪年假+福利多+办公环境好+氛围自由开放”,[廊坊・广阳区],https://www.lagou.com/jobs/1937454.html,8k-12k,Python 中级工程师,"
经验1-3年 / 本科
                                "
164,"
数据服务/B轮
",好巧,"“高增长,期权激励,弹性工作,百万医疗”",[北京・亚运村],https://www.lagou.com/jobs/2600432.html,35k-50k,Linux C++/Python高级研发工程师,"
经验5-10年 / 本科
                                "
165,"
移动互联网,游戏/A轮
",乐易网络,"“五险一金,年终奖金”",[深圳・南山区],https://www.lagou.com/jobs/3172437.html,10k-15k,python开发工程师,"
经验3-5年 / 本科
                                "
166,"
企业服务,数据服务/A轮
",灵犀联云,"“代码改人生,技术氛围好,领导很实操,资金链稳定”",[北京・朝阳区],https://www.lagou.com/jobs/3543641.html,15k-25k,python高级工程师,"
经验3-5年 / 本科
                                "
167,"
移动互联网,教育/C轮
",作业盒子,"“五险一金,年终多薪,年度旅游,饭补交通补”",[北京・望京],https://www.lagou.com/jobs/3638651.html,15k-30k,Python工程师,"
经验1-3年 / 本科
                                "
168,"
移动互联网,数据服务/A轮
",ZingFront智线,"“带薪年假,福利多,办公环境好,氛围自由”",[武汉・洪山区],https://www.lagou.com/jobs/2735716.html,8k-16k,高级Python工程师,"
经验3-5年 / 本科
                                "
169,"
移动互联网,电子商务/B轮
",店商互联,"“五险一金,餐补,交通补,生日福利”",[北京・中关村],https://www.lagou.com/jobs/3281517.html,15k-25k,Python高级开发工程师,"
经验3-5年 / 本科
                                "
170,"
移动互联网,O2O/天使轮
",出众网络,“公司发展前景好 待遇丰厚 独挡一面”,[深圳・南山区],https://www.lagou.com/jobs/1336740.html,15k-25k,Python工程师,"
经验3-5年 / 本科
                                "
171,"
电子商务/B轮
",花果山,“年轻富有活力的团队，稳步发展的创业公司。”,[深圳・南山区],https://www.lagou.com/jobs/89767.html,5k-8k,Python,"
经验1-3年 / 本科
                                "
172,"
金融/上市公司
",京东金融,“餐补+年终奖+良好的晋升空间”,[北京・通州区],https://www.lagou.com/jobs/3762683.html,25k-50k,Python研发工程师,"
经验5-10年 / 本科
                                "
173,"
移动互联网,企业服务/B轮
",再惠,“硅谷文化；免费餐饮；期权激励；”,[上海・交通大学],https://www.lagou.com/jobs/2906136.html,15k-30k,Python开发工程师,"
经验1-3年 / 本科
                                "
174,"
移动互联网,游戏/上市公司
",腾讯,"“五险一金,带薪休假,绩效奖金”",[深圳・科技园],https://www.lagou.com/jobs/2908687.html,18k-30k,监控系统开发工程师-Python,"
经验3-5年 / 本科
                                "
175,"
移动互联网、金融/C轮
",会分期,"“弹性工作制,股票期权,行业巨头,地铁周边”",[北京・西二旗],https://www.lagou.com/jobs/3164675.html,15k-30k,高级python开发工程师,"
经验3-5年 / 本科
                                "
176,"
移动互联网,电子商务/上市公司
",湖南创发,"“五险一金,双休,带薪年假,多种福利”",[长沙・张公岭],https://www.lagou.com/jobs/3750556.html,6k-10k,Python开发人员,"
经验3-5年 / 本科
                                "
177,"
金融/C轮
",有利网,"“五险一金,扁平化管理,地铁周边,团建”",[北京・中关村],https://www.lagou.com/jobs/3811004.html,14k-28k,python工程师（高级）,"
经验3-5年 / 大专
                                "
178,"
移动互联网,文化娱乐/B轮
",罗辑思维,"“弹性工作,不考勤,团队好,节操币”",[北京・大望路],https://www.lagou.com/jobs/3330389.html,20k-40k,Python开发工程师,"
经验3-5年 / 本科
                                "
179,"
移动互联网,金融/未融资
",博奥特科技,"“双休,晋升空间大,平台好,五险一金”",[深圳・华强北],https://www.lagou.com/jobs/3786917.html,10k-20k,python开发工程师,"
经验1-3年 / 本科
                                "
180,"
移动互联网/B轮
",Yi+,"“股票期权,绩效奖金,技术大牛,弹性工作”",[北京・中关村],https://www.lagou.com/jobs/3450447.html,20k-40k,高级Python开发工程师,"
经验3-5年 / 本科
                                "
181,"
移动互联网/不需要融资
",飞屋网络科技,"“丰厚年终奖,出国旅行,职位晋升,双休”",[广州・大学城],https://www.lagou.com/jobs/3321291.html,20k-40k,高级Python开发工程师,"
经验3-5年 / 本科
                                "
182,"
信息安全,移动互联网/不需要融资
",牛盾网络,"“五险一金,中餐补贴,项目奖金,零食供应”",[杭州・仓前],https://www.lagou.com/jobs/2713380.html,10k-20k,python,"
经验1-3年 / 大专
                                "
183,"
移动互联网,数据服务/D轮及以上
",极光,“五险一金、14薪/年、下午茶、工作餐等等”,[深圳・南头],https://www.lagou.com/jobs/2010228.html,15k-25k,高级Python开发工程师,"
经验3-5年 / 本科
                                "
184,"
移动互联网,数据服务/上市公司
",优云软件,"“技术驱动,公积金高,扁平管理,福利好”",[杭州・西湖区],https://www.lagou.com/jobs/3800649.html,10k-20k,python开发工程师,"
经验3-5年 / 本科
                                "
185,"
教育/B轮
",尚德机构,"“团队氛围,发展空间,薪资福利”",[北京・来广营],https://www.lagou.com/jobs/3702036.html,18k-30k,Python开发工程师,"
经验1-3年 / 本科
                                "
186,"
移动互联网/不需要融资
",汇电云联,"“扁平化,氛围好”",[广州・珠江新城],https://www.lagou.com/jobs/3492148.html,10k-20k,Python开发工程师,"
经验3-5年 / 本科
                                "
187,"
金融/未融资
",上海你我贷互联网金融信息服务,“公司待遇好”,[上海・东方路],https://www.lagou.com/jobs/3432640.html,20k-35k,高级Python工程师,"
经验5-10年 / 本科
                                "
188,"
移动互联网/A轮
",彩视,“快速成长，技术挑战，创造力”,[北京・左家庄],https://www.lagou.com/jobs/685070.html,20k-40k,高级Python工程师,"
经验3-5年 / 本科
                                "
189,"
硬件,其他/A轮
",Minieye,"“无人驾驶,车厂合作,扁平化管理,股票期权”",[深圳・南山区],https://www.lagou.com/jobs/3759498.html,15k-30k,python工程师,"
经验1-3年 / 本科
                                "
190,"
移动互联网,广告营销/不需要融资
",泛为,"“16薪,架构扁平,弹性工作”",[上海・浦东新区],https://www.lagou.com/jobs/3424969.html,25k-40k,资深python开发工程师,"
经验5-10年 / 大专
                                "
191,"
移动互联网/A轮
",青柏信息,"“五险一金,年终奖,土豪奖金,国内外旅游”",[深圳・科技园],https://www.lagou.com/jobs/2866737.html,10k-15k,Python研发工程师,"
经验1-3年 / 本科
                                "
192,"
移动互联网/不需要融资
",修炼,"“大咖带队,妹子多,氛围好,实力强”",[广州・石牌],https://www.lagou.com/jobs/2974823.html,8k-16k,Python 开发工程师,"
经验1-3年 / 大专
                                "
193,"
移动互联网/D轮及以上
",饿了么,“弹性工作 年终奖 学习空间 高并发”,[上海・长征],https://www.lagou.com/jobs/3307650.html,15k-25k,Python工程师,"
经验1-3年 / 本科
                                "
194,"
数据服务/B轮
",云途腾,“福利好 领导傻富甜 捎带手儿解决个人问题”,[北京・八里庄],https://www.lagou.com/jobs/2766411.html,20k-40k,高级python研发工程师,"
经验5-10年 / 本科
                                "
195,"
移动互联网,医疗健康/A轮
",慧影医疗,“待遇好，个人发展空间大，公司离地铁口近。”,[北京・西三旗],https://www.lagou.com/jobs/3067040.html,20K-40K,Python开发工程师,"
20K-40K
经验3-5年 / 本科
                                "
196,"
金融/不需要融资
",内蒙古君正网贷,"“团队氛围好,发展空间大”",[上海・陆家嘴],https://www.lagou.com/jobs/3560775.html,20k-30k,Python,"
经验3-5年 / 本科
                                "
197,"
信息安全、数据服务/B轮
",深a科技,“五险一金，带薪年假，补贴”,[武汉・东湖新技术开发区],https://www.lagou.com/jobs/3374647.html,8k-12k,Python 开发工程师,"
经验1-3年 / 本科
                                "
198,"
移动互联网,生活服务/上市公司
",速递易,"“五险一金,弹性工作,扁平化管理,节假日福利”",[北京・朝阳区],https://www.lagou.com/jobs/3780606.html,15k-25k,Python开发工程师,"
经验3-5年 / 本科
                                "
199,"
移动互联网/上市公司
",印孚瑟斯,"“500强,外企,福利好,待遇好”",[深圳・坂田],https://www.lagou.com/jobs/3762196.html,10k-20k,Python开发,"
经验不限 / 大专
                                "
200,"
移动互联网,电子商务/B轮
",足球魔方,"“免费午餐,交通方便”",[上海・龙华],https://www.lagou.com/jobs/3111109.html,13k-23k,高级Python开发工程师,"
经验3-5年 / 本科
                                "
201,"
移动互联网,金融/未融资
",博奥特科技,"“晋升机会大,五险一金,公积金”",[深圳・华强北],https://www.lagou.com/jobs/3779480.html,13k-25k,高级python开发工程师,"
经验5-10年 / 大专
                                "
202,"
金融,移动互联网/B轮
",华尔街见闻,“最in互联网财经新媒体，千万金融高端用户”,[上海・五里桥],https://www.lagou.com/jobs/1212362.html,15k-25k,高级Python开发工程师,"
经验3-5年 / 本科
                                "
203,"
移动互联网,医疗健康/不需要融资
",健培,"“海归,双休,五险一金,工作8小时”",[杭州・下沙],https://www.lagou.com/jobs/3401590.html,6k-12k,初级Python开发,"
经验1-3年 / 大专
                                "
204,"
数据服务,信息安全/不需要融资
",Artchain,"“环境好,下午茶,美女多,发展空间大”",[上海・梅陇],https://www.lagou.com/jobs/3587423.html,10k-20k,python 工程师,"
经验3-5年 / 本科
                                "
205,"
移动互联网,广告营销/C轮
",精真估,"“易车网旗下,汽车大数据,全五险一金,旅游团建”",[北京・苏州街],https://www.lagou.com/jobs/3545635.html,25k-50k,数据挖掘专家/工程师（Python）,"
经验3-5年 / 硕士
                                "
206,"
广告营销,文化娱乐/D轮及以上
",爱奇艺,“14薪，12天带薪年假，地铁周边”,[北京・中关村],https://www.lagou.com/jobs/3029530.html,18k-28k,Python开发工程师,"
经验1-3年 / 硕士
                                "
207,"
移动互联网/B轮
",Yi+,"“股票期权,绩效奖金,晋升空间,技术大牛”",[北京・中关村],https://www.lagou.com/jobs/3551242.html,20k-40k,Python/Golang开发工程师,"
经验1-3年 / 本科
                                "
208,"
企业服务,数据服务/不需要融资
",坚果云,"“技术大牛,重分享”",[上海・张江],https://www.lagou.com/jobs/3451715.html,10k-20k,Python,"
经验1-3年 / 本科
                                "
209,"
数据服务/上市公司
",Gridsum 国双,“六险一金、弹性工作、奖金丰厚、技术牛人多”,[北京・中关村],https://www.lagou.com/jobs/1638652.html,10k-20k,python开发工程师,"
经验3-5年 / 本科
                                "
210,"
移动互联网/D轮及以上
",小米,"“创业氛围,股票期权”",[北京・上地],https://www.lagou.com/jobs/3232436.html,20k-35k,Python/Go开发工程师-小米视频,"
经验3-5年 / 本科
                                "
211,"
信息安全,数据服务/A轮
",颉一软件,"“发展空间大,公司氛围好,员工股权,管理规范”",[上海・延吉],https://www.lagou.com/jobs/3794717.html,10k-15k,Python开发工程师,"
经验3-5年 / 本科
                                "
212,"
移动互联网/不需要融资
",武汉佰钧成技术有限公司,"“平台好,技术新,大牛多”",[杭州・西湖区],https://www.lagou.com/jobs/3387145.html,11K-22K,Python开发工程师,"
11K-22K
经验1-3年 / 大专
                                "
213,"
硬件,移动互联网/不需要融资
",物灵,"“人工智能,万物有灵,黑科技,硅谷范”",[北京・朝阳区],https://www.lagou.com/jobs/3716361.html,15k-30k,python研发工程师,"
经验3-5年 / 本科
                                "
214,"
医疗健康,数据服务/C轮
",LinkDoc,"“15薪,下午茶,商业保险,不打卡”",[天津・滨海新区],https://www.lagou.com/jobs/3788624.html,10k-20k,Python研发工程师（天津）,"
经验1-3年 / 本科
                                "
215,"
移动互联网,广告营销/不需要融资
",泛为,“晋升空间”,[上海・浦东新区],https://www.lagou.com/jobs/3535339.html,20k-35k,Python高级开发,"
经验5-10年 / 本科
                                "
216,"
移动互联网/D轮及以上
",帝联科技,"“办公环境好,技术大咖多,晋升空间大,同事友好”",[上海・金沙江路],https://www.lagou.com/jobs/3097163.html,10k-16k,Python开发工程师,"
经验1-3年 / 本科
                                "
217,"
企业服务,医疗健康/B轮
",晶泰科技,"“大牛多,公司氛围好,周末双休,成长快”",[深圳・香蜜湖],https://www.lagou.com/jobs/3325916.html,15k-23k,高级Python开发工程师,"
经验1-3年 / 本科
                                "
218,"
移动互联网,招聘/未融资
",武汉佰钧成技术有限责任公司,"“六险一金,带薪年假,早九晚六”",[上海・杨浦区],https://www.lagou.com/jobs/3718376.html,10k-16k,python,"
经验1-3年 / 本科
                                "
219,"
移动互联网,文化娱乐/上市公司
",汽车之家,“平台好，发展空间大”,[北京・中关村],https://www.lagou.com/jobs/3015996.html,15k-25k,Python开发工程师,"
经验3-5年 / 本科
                                "
220,"
金融、移动互联网/未融资
",贝壳金控,"“扁平管理,创业团队,福利完善”",[北京・朝外],https://www.lagou.com/jobs/3742573.html,15k-30k,Python开发工程师,"
经验3-5年 / 本科
                                "
221,"
移动互联网/A轮
",果雪科技,“美女多、福利多、技牛、老板nice”,[上海・漕宝路],https://www.lagou.com/jobs/3660677.html,15K-25K,python工程师,"
15K-25K
经验3-5年 / 本科
                                "
222,"
移动互联网,企业服务/不需要融资
",悦视光合科技,"“极客氛围,福利好,领导好”",[大连・沙河口区],https://www.lagou.com/jobs/3334051.html,6k-12k,python研发工程师,"
经验1-3年 / 本科
                                "
223,"
企业服务,数据服务/A轮
",DAHO Networks,"“SDN,牛人多,福利多,待遇高”",[杭州・仓前],https://www.lagou.com/jobs/3620133.html,18k-25k,Python高级开发工程师,"
经验3-5年 / 本科
                                "
224,"
移动互联网,金融/上市公司
",恒生电子,"“技术大牛,核心技术部”",[杭州・开发区],https://www.lagou.com/jobs/3625289.html,12k-20k,量化开发工程师（python）,"
经验5-10年 / 本科
                                "
225,"
移动互联网/不需要融资
",武汉佰钧成技术有限公司,"“五险一金,高薪,项目奖金”",[武汉・洪山区],https://www.lagou.com/jobs/3281665.html,13k-16k,Python开发工程师,"
经验3-5年 / 大专
                                "
226,"
移动互联网/D轮及以上
",小米,"“创业氛围,股票期权”",[北京・上地],https://www.lagou.com/jobs/2948277.html,20k-35k,Python工程师（锁屏画报）,"
经验3-5年 / 本科
                                "
227,"
企业服务,数据服务/不需要融资
",坚果云,"“技术大牛多,重分享,扁平管理”",[上海・张江],https://www.lagou.com/jobs/3401027.html,20k-40k,高级Python,"
经验3-5年 / 本科
                                "
228,"
移动互联网,金融/不需要融资
",还呗-智能信贷领先者,“移动金融，未来金矿；精英团队，助力成长！”,[上海・张江],https://www.lagou.com/jobs/2538412.html,10k-15k,Python 开发工程师,"
经验1-3年 / 本科
                                "
229,"
移动互联网,电子商务/B轮
",阿基米德fm,“五险一金、补充公积金、13薪、饭贴”,[上海・古北],https://www.lagou.com/jobs/1900054.html,15k-22k,Python软件开发工程师,"
经验1-3年 / 本科
                                "
230,"
移动互联网,金融/未融资
",博奥特科技,"“五险一金,生日礼金,双休”",[深圳・华强北],https://www.lagou.com/jobs/3773754.html,13k-26k,Python开发工程师,"
经验3-5年 / 本科
                                "
231,"
企业服务,数据服务/上市公司
",麦达数字,"“上市公司,五险一金,薪酬福利好,发展空间大”",[北京・朝阳区],https://www.lagou.com/jobs/3544853.html,25k-35k,PYTHON研发工程师,"
经验3-5年 / 本科
                                "
232,"
企业服务,移动互联网/不需要融资
",轻触,“七险一金；双休；项目奖金；年终奖”,[上海・田林],https://www.lagou.com/jobs/1605930.html,10k-15k,Python开发工程师,"
经验1-3年 / 本科
                                "
233,"
企业服务/B轮
",笨鸟社交,“海量数据”,[深圳・南山区],https://www.lagou.com/jobs/3163697.html,15k-30k,python工程师,"
经验不限 / 本科
                                "
234,"
移动互联网/D轮及以上
",饿了么,“团队氛围好”,[上海・长征],https://www.lagou.com/jobs/2145763.html,15k-25k,高级Python工程师,"
经验3-5年 / 本科
                                "
235,"
金融/C轮
",理财范,“弹性工作”,[北京・朝阳区],https://www.lagou.com/jobs/3174436.html,10k-20k,python开发工程师,"
经验不限 / 本科
                                "
236,"
金融/不需要融资
",通联数据,"“快速成长,薪资福利,行业大牛”",[上海・四川北路],https://www.lagou.com/jobs/3286698.html,15k-30k,python开发工程师,"
经验1-3年 / 本科
                                "
237,"
金融/A轮
",Doo Holding,"“下午茶零食,周末双休,年度旅游,十点上班”",[深圳・南头],https://www.lagou.com/jobs/3267023.html,7k-10k,Python开发工程师,"
经验1-3年 / 本科
                                "
238,"
金融/不需要融资
",平安科技,“公司发展前景好，福利待遇好”,[上海・唐镇],https://www.lagou.com/jobs/3215849.html,10k-15k,Python开发工程师（上海）,"
经验不限 / 本科
                                "
239,"
移动互联网,游戏/不需要融资
",竞技世界,“大牛云集，固定调薪，国内外出游，领导好”,[北京・上地],https://www.lagou.com/jobs/3730902.html,15k-30k,服务器开发工程师（nodejs/java/python/go,"
经验3-5年 / 本科
                                "
240,"
移动互联网/不需要融资
",武汉佰钧成技术有限公司,"“五险一金,周末双休,弹性时间,晋升空间”",[武汉・东湖新技术开发区],https://www.lagou.com/jobs/3149847.html,8k-15k,Python开发,"
经验3-5年 / 本科
                                "
241,"
移动互联网,金融/未融资
",博奥特科技,"“提升空间大,行业前景广,金融行业”",[深圳・罗湖区],https://www.lagou.com/jobs/3781798.html,15K-20K,中级PYTHON开发工程师,"
15K-20K
经验3-5年 / 大专
                                "
242,"
移动互联网/不需要融资
",飞屋网络科技,“五险一金 项目奖金 期权分红 年底双薪”,[广州・大学城],https://www.lagou.com/jobs/965163.html,8k-10k,Python开发,"
经验不限 / 不限
                                "
243,"
O2O/B轮
",瓜子二手车直卖网,“最高19薪 独角兽公司 学习型团队”,[北京・上地],https://www.lagou.com/jobs/3178128.html,20k-40k,Python开发工程师,"
经验3-5年 / 本科
                                "
244,"
金融/不需要融资
",盖威,“福利待遇好”,[深圳・科技园],https://www.lagou.com/jobs/3727971.html,14k-20k,Python交易开发工程师,"
经验3-5年 / 本科
                                "
245,"
信息安全,数据服务/未融资
",成都肆零肆,"“六险一金,周末双休,免费零食,集体出游”",[成都・肖家河],https://www.lagou.com/jobs/3681867.html,3k-5k,python初级开发工程师,"
经验1-3年 / 不限
                                "
246,"
电子商务,企业服务/上市公司
",美登科技,“丰厚年终奖、国外旅游、弹性时间、简单平等”,[杭州・西溪],https://www.lagou.com/jobs/1619813.html,15k-30k,Python研发工程师,"
经验不限 / 本科
                                "
247,"
移动互联网,广告营销/不需要融资
",泛为,"“六险一金,不打卡,年终奖”",[上海・浦东新区],https://www.lagou.com/jobs/3773889.html,15k-30k,高级Python开发工程师,"
经验3-5年 / 大专
                                "
248,"
数据服务,信息安全/不需要融资
",Artchain,"“环境好,发展空间大,boss好”",[上海・梅陇],https://www.lagou.com/jobs/3415663.html,10k-20k,python技术开发工程师,"
经验3-5年 / 本科
                                "
249,"
移动互联网,O2O/D轮及以上
",迈外迪,“海量数据处理 架构设计”,[上海・龙华],https://www.lagou.com/jobs/1764146.html,12k-22k,高级Python工程师,"
经验3-5年 / 本科
                                "
250,"
移动互联网,数据服务/上市公司
",文思海辉,“优秀团队”,[深圳・福田区],https://www.lagou.com/jobs/3599007.html,10k-15k,Python开发工程师,"
经验1-3年 / 本科
                                "
251,"
移动互联网,生活服务/不需要融资
",路行通,"“高绩效奖励,股权激励,完善福利,人性化管理”",[成都・高新区],https://www.lagou.com/jobs/3024351.html,12k-15k,Python开发工程师（中高级）,"
经验3-5年 / 本科
                                "
252,"
移动互联网,硬件/A轮
",阿西莫夫,“在最高视野完成服务机器人的开发与部署”,[深圳・科技园],https://www.lagou.com/jobs/1281668.html,15k-25k,Python/ C++开发－服务机器人应用程序,"
经验3-5年 / 本科
                                "
253,"
移动互联网/上市公司
",CDS,"“技术氛围浓,业务前景好,办公环境好”",[北京・四季青],https://www.lagou.com/jobs/3785342.html,20k-35k,Python工程师,"
经验3-5年 / 本科
                                "
254,"
金融,企业服务/不需要融资
",原始会投资,"“福利待遇好,提升空间大,金融热门,高速发展”",[北京・三元桥],https://www.lagou.com/jobs/3102037.html,15k-30k,python工程师--数据爬虫,"
经验不限 / 本科
                                "
255,"
数据服务/上市公司
",东方国信,"“公司前景好,优秀团队,带薪年假”",[北京・朝阳区],https://www.lagou.com/jobs/3456560.html,18k-25k,Python开发工程师,"
经验5-10年 / 本科
                                "
256,"
移动互联网,游戏/上市公司
",腾讯,"“五险一金,带薪休假,绩效奖金”",[深圳・科技园],https://www.lagou.com/jobs/2912119.html,18k-30k,云平台高级开发工程师-Python,"
经验3-5年 / 本科
                                "
257,"
移动互联网/上市公司
",金科文化,"“大牛团队,妹子多,福利丰厚”",[广州・东圃],https://www.lagou.com/jobs/3635353.html,9k-15k,python开发工程师,"
经验1-3年 / 不限
                                "
258,"
移动互联网,广告营销/不需要融资
",多盟,“国内领先的移动广告平台”,[北京・大山子],https://www.lagou.com/jobs/4817.html,13k-25k,Python,"
经验1-3年 / 本科
                                "
259,"
移动互联网/B轮
",LBE 科技,"“移动互联网,绩效奖金,妹子多,国外团建”",[北京・四惠],https://www.lagou.com/jobs/2812960.html,35k-45k,资深Python工程师,"
经验3-5年 / 本科
                                "
260,"
移动互联网/D轮及以上
",思华科技,“六险一金 带薪病事假 福利待遇优”,[上海・张江],https://www.lagou.com/jobs/3715525.html,12k-24k,Python工程师,"
经验1-3年 / 本科
                                "
261,"
移动互联网,教育/C轮
",作业盒子,“14薪”,[北京・望京],https://www.lagou.com/jobs/3389218.html,15k-30k,python工程师,"
经验3-5年 / 本科
                                "
262,"
移动互联网/上市公司
",印孚瑟斯,"“500强,专业性强,福利好,发展空间”",[深圳・龙岗区],https://www.lagou.com/jobs/3725474.html,10k-20k,python开发工程师,"
经验3-5年 / 不限
                                "
263,"
金融,企业服务/不需要融资
",原始会投资,"“福利待遇好,提升空间大,金融热门,高速发展”",[北京・三元桥],https://www.lagou.com/jobs/2925250.html,15k-30k,爬虫工程师--python,"
经验不限 / 本科
                                "
264,"
移动互联网,O2O/D轮及以上
",美团点评,"“大平台,优秀团队”",[北京・和平里],https://www.lagou.com/jobs/3304959.html,25k-40k,美团云Python研发工程师,"
经验3-5年 / 本科
                                "
265,"
游戏/A轮
",奥飞游戏深圳分公司,"“靠谱团队,项目给力,福利多多”",[深圳・南山区],https://www.lagou.com/jobs/3564305.html,10k-15k,Python开发工程师,"
经验1-3年 / 大专
                                "
266,"
移动互联网/未融资
",索贝数码,"“正式编制,老员工带”",[成都・高新区],https://www.lagou.com/jobs/3721446.html,6k-10k,python 开发,"
经验1-3年 / 本科
                                "
267,"
数据服务/上市公司
",Gridsum 国双,“六险一金、奖金丰厚、技术牛人多”,[北京・中关村],https://www.lagou.com/jobs/2105178.html,15k-25k,高级Python开发工程师,"
经验3-5年 / 本科
                                "
268,"
移动互联网,金融/未融资
",博奥特科技,“发展前景好”,[深圳・福田区],https://www.lagou.com/jobs/3781902.html,13k-26k,中高级python开发工程师,"
经验3-5年 / 大专
                                "
269,"
移动互联网,金融/不需要融资
",还呗-智能信贷领先者,"“移动金融，,未来金矿；,精英团队，,助力成长！”",[上海・张江],https://www.lagou.com/jobs/2538418.html,15k-25k,Python 高级开发工程师,"
经验3-5年 / 本科
                                "
270,"
金融/A轮
",厚本金融,"“技术前沿,优渥待遇,学习成长”",[上海・打浦桥],https://www.lagou.com/jobs/2943423.html,15k-25k,Python/Go 运维开发工程师,"
经验3-5年 / 本科
                                "
271,"
信息安全/上市公司
",蓝盾信息安全技术股份有限公司,“五险一金、完善的晋升机制、各种福利、”,[广州・棠下],https://www.lagou.com/jobs/3064402.html,8k-15k,Python开发工程师,"
经验1-3年 / 本科
                                "
272,"
企业服务,数据服务/上市公司
",FreeWheel,"“美资互联网,技术导向,英文环境,硅谷文化”",[北京・三元桥],https://www.lagou.com/jobs/3687387.html,26k-32k,资深Python开发工程师,"
经验3-5年 / 本科
                                "
273,"
移动互联网,金融/C轮
",闪银奇异,"“六险一金,技术大咖,免费自助餐,丰厚年终奖”",[北京・团结湖],https://www.lagou.com/jobs/2896804.html,25k-40k,Python高级/架构师,"
经验3-5年 / 本科
                                "
274,"
电子商务/C轮
",优集品,“地铁周边 员工福利”,[北京・高碑店],https://www.lagou.com/jobs/3121073.html,15k-25k,Python工程师,"
经验1-3年 / 本科
                                "
275,"
金融,数据服务/A轮
",诺奚信息技术有限公司,"“扁平化管理,技术先驱,工作氛围好”",[上海・静安区],https://www.lagou.com/jobs/3714010.html,10k-20k,Python开发工程师,"
经验1-3年 / 本科
                                "
276,"
硬件,医疗健康/A轮
",秒秒测科技,"“五险一金,带薪年假,零食饮料,年度体检”",[北京・海淀区],https://www.lagou.com/jobs/3586721.html,15k-30k,Python开发工程师,"
经验3-5年 / 本科
                                "
277,"
移动互联网,电子商务/上市公司
",SEASTAR,"“上市公司,机会多,新业务,牛人多”",[北京・朝阳区],https://www.lagou.com/jobs/3489438.html,25k-35k,PYTHON研发工程师,"
经验3-5年 / 本科
                                "
278,"
移动互联网/D轮及以上
",饿了么,“中间件部门，底层开发，发展空间大”,[上海・长征],https://www.lagou.com/jobs/2561590.html,16k-32k,资深／高级Python工程师,"
经验3-5年 / 本科
                                "
279,"
移动互联网,生活服务/C轮
",墨迹天气,"“IPO阶段,弹性工作制,流量为王,行业NO1”",[北京・将台路],https://www.lagou.com/jobs/3292589.html,20k-35k,高级python开发工程师,"
经验3-5年 / 本科
                                "
280,"
数据服务,企业服务/天使轮
",TELETRAAN,"“弹性工作,硅谷团队,股权激励,全正版软件”",[杭州・西兴],https://www.lagou.com/jobs/3234474.html,15k-30k,Python工程师,"
经验3-5年 / 本科
                                "
281,"
移动互联网,企业服务/A轮
",壤歌,"“技术氛围,技术驱动,弹性工作,文化年轻”",[上海・上海师大],https://www.lagou.com/jobs/2094775.html,18k-28k,资深Python工程师,"
经验3-5年 / 本科
                                "
282,"
教育/A轮
",中国亿教亿学网,"“产品优势,公司前景,团队和谐,办公环境”",[杭州・三墩],https://www.lagou.com/jobs/3179150.html,15k-30k,Python开发工程师,"
经验3-5年 / 本科
                                "
283,"
移动互联网/未融资
",泰赋星,"“五险一金,年底双薪,节假日福利,饭补”",[南京・新街口],https://www.lagou.com/jobs/3480972.html,9k-18k,python,"
经验不限 / 不限
                                "
284,"
移动互联网,金融/B轮
",现金巴士,"“硅谷大神,私厨,五星健身房,弹性制度”",[上海・浦东新区],https://www.lagou.com/jobs/1845346.html,10k-20k,Python,"
经验1-3年 / 不限
                                "
285,"
移动互联网,企业服务/A轮
",壤歌,"“弹性上班,技术氛围,技术驱动,福利多多”",[上海・上海师大],https://www.lagou.com/jobs/2782359.html,10k-15k,python工程师,"
经验1-3年 / 不限
                                "
286,"
移动互联网,金融/B轮
",现金巴士,"“硅谷大神,私厨,五星健身房,弹性制度”",[上海・浦东新区],https://www.lagou.com/jobs/1845346.html,10k-20k,Python,"
经验1-3年 / 不限
                                "
287,"
移动互联网,教育/B轮
",学堂在线,“来吧，与技术大牛过招吧！”,[北京・海淀区],https://www.lagou.com/jobs/367987.html,15k-25k,Python工程师,"
经验1-3年 / 本科
                                "
288,"
移动互联网,游戏/不需要融资
",北京鲜柚科技有限公司,“逗比团队、各路大牛、贴心福利~”,[北京・北苑],https://www.lagou.com/jobs/2555647.html,15k-25k,高级Python工程师,"
经验1-3年 / 本科
                                "
289,"
移动互联网,金融/未融资
",博奥特科技,"“行业前景好,发展空间大”",[深圳・福田区],https://www.lagou.com/jobs/3781975.html,10k-20k,Python,"
经验1-3年 / 大专
                                "
290,"
移动互联网/不需要融资
",武汉佰钧成技术有限公司,"“周末双休,六险一金,大平台,专业”",[深圳・龙华新区],https://www.lagou.com/jobs/3429226.html,10k-15k,Python开发工程师,"
经验1-3年 / 大专
                                "
291,"
信息安全,数据服务/A轮
",颉一软件,"“发展空间大,工作氛围好,全员持股,管理规范”",[北京・朝阳区],https://www.lagou.com/jobs/3794749.html,10k-15k,Python开发工程师,"
经验3-5年 / 本科
                                "
292,"
电子商务,企业服务/不需要融资
",360企业安全,“技术氛围浓；平台口碑好；福利待遇优”,[北京・酒仙桥],https://www.lagou.com/jobs/3551206.html,15k-30k,360企业安全-Python开发工程师,"
经验3-5年 / 本科
                                "
293,"
移动互联网,金融/A轮
",光量科技,"“行业先锋,快速发展,优秀团队,灵活开放”",[北京・太阳宫],https://www.lagou.com/jobs/3740864.html,18k-35k,Python/Go工程师,"
经验3-5年 / 本科
                                "
294,"
教育/A轮
",中国亿教亿学网,“团队融洽；办公环境佳；领导nice”,[杭州・三墩],https://www.lagou.com/jobs/2643775.html,15k-30k,Python开发工程师,"
经验3-5年 / 本科
                                "
295,"
O2O/B轮
",瓜子二手车直卖网,“核心项目 BI方向 等你来挑战”,[北京],https://www.lagou.com/jobs/2504617.html,20k-30k,Python,"
经验1-3年 / 本科
                                "
296,"
移动互联网/上市公司
",阿里巴巴―高德,“阿里福利~”,[北京・望京],https://www.lagou.com/jobs/3801569.html,15k-30k,python开发高级工程师,"
经验3-5年 / 本科
                                "
297,"
移动互联网/A轮
",码隆科技,“发展前景广阔”,[北京・苏州街],https://www.lagou.com/jobs/3763153.html,15k-25k,Python开发工程师,"
经验不限 / 不限
                                "
298,"
移动互联网,电子商务/上市公司
",易居中国-创新研发中心,"“Apach,Flask”",[上海・闸北公园],https://www.lagou.com/jobs/3562541.html,15k-25k,Python开发工程师,"
经验3-5年 / 本科
                                "
299,"
数据服务/上市公司
",天玑科技,"“带薪年假,五险一金,年终奖,餐补”",[上海・徐汇区],https://www.lagou.com/jobs/3488715.html,12k-24k,python开发工程师,"
经验3-5年 / 大专
                                "
300,"
数据服务,企业服务/A轮
",超萌,“提供中、晚餐 五险一金 弹性工作制”,[北京・中关村],https://www.lagou.com/jobs/3065206.html,13k-26k,python工程师,"
经验1-3年 / 本科
                                "
301,"
电子商务/未融资
",曼童科技,"“内购奢饰品,五险一金,不打卡,带薪年假”",[北京・朝阳区],https://www.lagou.com/jobs/3728548.html,18k-28k,Python,"
经验3-5年 / 本科
                                "
302,"
移动互联网,文化娱乐/A轮
",暴鸡电竞,"“腾讯系,A轮融资,发展前景好”",[深圳・南山区],https://www.lagou.com/jobs/3202517.html,13k-25k,高级Python研发工程师,"
经验5-10年 / 本科
                                "
303,"
企业服务/不需要融资
",班凯信息,"“1年,R语言”",[上海・徐汇区],https://www.lagou.com/jobs/3787368.html,10k-20k,Python开发工程师,"
经验1-3年 / 大专
                                "
304,"
教育/A轮
",中国亿教亿学网,"“职场氛围佳,公司前景好,领导nic,团队融洽”",[杭州・三墩],https://www.lagou.com/jobs/2768773.html,15k-30k,Python开发工程师,"
经验5-10年 / 本科
                                "
305,"
企业服务,移动互联网/不需要融资
",轻触,"“七险一金,老板惜才,福利丰厚,团队融洽”",[上海・田林],https://www.lagou.com/jobs/3334556.html,10k-20k,python开发工程师,"
经验不限 / 大专
                                "
306,"
金融,移动互联网/不需要融资
",德惟科技,"“交通便利,综合福利好,包餐”",[广州・冼村],https://www.lagou.com/jobs/3763253.html,8k-12k,python开发,"
经验1-3年 / 本科
                                "
307,"
信息安全,数据服务/B轮
",同盾科技,“股票期权 弹性工作”,[杭州・仓前],https://www.lagou.com/jobs/488049.html,15k-25k,Python开发工程师,"
经验3-5年 / 本科
                                "
308,"
移动互联网/上市公司
",印孚瑟斯,"“外企,弹性工时,全额试用期,商业保险”",[深圳・龙华新区],https://www.lagou.com/jobs/3724069.html,10k-20k,Python开发工程师,"
经验3-5年 / 大专
                                "
309,"
移动互联网,金融/未融资
",博奥特科技,"“晋升空间大,福利待遇好”",[深圳・华强北],https://www.lagou.com/jobs/3782333.html,10k-20k,python开发工程师,"
经验1-3年 / 大专
                                "
310,"
电子商务/A轮
",爱福窝,"“午餐补助,平台好,股票期权”",[上海・张江],https://www.lagou.com/jobs/3488642.html,12k-20k,Python开发,"
经验1-3年 / 本科
                                "
311,"
移动互联网,O2O/C轮
",房多多,“平台好，发展广阔，技术大牛多”,[上海・闸北公园],https://www.lagou.com/jobs/3360370.html,15k-30k,Python研发工程师,"
经验1-3年 / 本科
                                "
312,"
移动互联网/不需要融资
",武汉佰钧成技术有限公司,"“五险一金,带薪年假,周末双休,弹性上下班”",[广州・天河公园],https://www.lagou.com/jobs/3576435.html,12k-24k,Python开发工程师,"
经验不限 / 本科
                                "
313,"
社交网络/上市公司
",陌陌,“优秀的团队”,[北京・望京],https://www.lagou.com/jobs/2496343.html,15k-30k,Python开发工程师,"
经验1-3年 / 本科
                                "
314,"
移动互联网,金融/不需要融资
",江苏亿科达,"“大平台,交通便利,环境优美,福利待遇好”",[深圳・亮马桥],https://www.lagou.com/jobs/3796922.html,10k-20k,Python工程师,"
经验3-5年 / 大专
                                "
315,"
移动互联网/不需要融资
",千寻位置,“阿里系薪资福利体系”,[上海・杨浦区],https://www.lagou.com/jobs/3732320.html,18k-20k,Java/Python开发工程师,"
经验3-5年 / 本科
                                "
316,"
金融/C轮
",有利网,"“大数据,高并发,安全稳定”",[北京・中关村],https://www.lagou.com/jobs/3706963.html,14k-28k,python工程师（高级）,"
经验3-5年 / 本科
                                "
317,"
移动互联网,企业服务/不需要融资
",ivtime,“弹性工作无需打卡、氛围好福利好，学习机会”,[南京・江宁区],https://www.lagou.com/jobs/1538263.html,15k-25k,Python高级开发工程师,"
经验3-5年 / 本科
                                "
318,"
数据服务/上市公司
",Gridsum 国双,“六险一金、弹性工作、奖金丰厚、技术牛人多”,[北京・中关村],https://www.lagou.com/jobs/1826628.html,10k-20k,高级python开发工程师,"
经验3-5年 / 本科
                                "
319,"
移动互联网,企业服务/上市公司
",泛微,"“上市公司,免费三餐,员工旅游,健身房”",[上海・闵行区],https://www.lagou.com/jobs/3726750.html,8k-12k,运维工程师（python）,"
经验1-3年 / 大专
                                "
320,"
信息安全,数据服务/未融资
",成都肆零肆,"“朝九晚六,周末双休,夏日饮品,六险一金”",[成都・肖家河],https://www.lagou.com/jobs/3554059.html,8k-13k,Python高级开发工程师,"
经验1-3年 / 本科
                                "
321,"
移动互联网/A轮
",码隆科技,“发展前景广阔”,[北京・苏州街],https://www.lagou.com/jobs/3711349.html,20k-35k,Python开发工程师,"
经验不限 / 本科
                                "
322,"
硬件/不需要融资
",任你说,“技术前沿”,[北京・西北旺],https://www.lagou.com/jobs/3668299.html,15K-25K,python,"
15K-25K
经验3-5年 / 本科
                                "
323,"
信息安全/上市公司
",蓝盾信息安全技术股份有限公司,“完善的福利制度、宽松的环境”,[广州・棠下],https://www.lagou.com/jobs/2713631.html,8k-15k,Python开发工程师,"
经验1-3年 / 本科
                                "
324,"
移动互联网/D轮及以上
",饿了么,“团队好玩 快速成长 Aeron椅 标配MBP”,[上海・长征],https://www.lagou.com/jobs/1534647.html,13k-26k,Python开发工程师,"
经验1-3年 / 本科
                                "
325,"
金融/C轮
",智融集团,“六险一金全额缴纳、上升空间、发展快速”,[北京・知春路],https://www.lagou.com/jobs/3645051.html,15k-25k,python web研发工程师,"
经验1-3年 / 不限
                                "
326,"
移动互联网,文化娱乐/A轮
",看点视频,"“海量数据,高手带队,高薪加期权,机器学习”",[上海・田林],https://www.lagou.com/jobs/2436606.html,18k-36k,Python,"
经验3-5年 / 本科
                                "
327,"
文化娱乐/不需要融资
",大河网,“五险 双休”,[郑州・中原区],https://www.lagou.com/jobs/2452963.html,5k-10k,Python,"
经验1-3年 / 本科
                                "
328,"
移动互联网,数据服务/天使轮
",深图智服DEEPIR,“前沿”,[厦门・禾山],https://www.lagou.com/jobs/1360933.html,6k-10k,Python工程师,"
经验不限 / 本科
                                "
329,"
移动互联网/不需要融资
",合力联创,"“扁平管理,结果导向,发展空间大,支持创业”",[北京・知春路],https://www.lagou.com/jobs/3134638.html,20k-40k,Python工程师,"
经验3-5年 / 本科
                                "
330,"
移动互联网,文化娱乐/天使轮
",快爽,"“大牛坐镇,天花板高,协作效率高,成长空间大”",[北京・姚家园],https://www.lagou.com/jobs/3294875.html,20k-30k,Python后端工程师,"
经验1-3年 / 本科
                                "
331,"
电子商务,金融/A轮
",维恩贝特,"“年终资金,专业培训,年度旅游,晋升、培训”",[深圳・益田村],https://www.lagou.com/jobs/3783936.html,10k-20k,Python,"
经验不限 / 本科
                                "
332,"
移动互联网,数据服务/天使轮
",融数通科技,“?BAT技术团队?弹性工作?绩效奖金”,[成都・高新区],https://www.lagou.com/jobs/2562314.html,10k-15k,Python开发,"
经验不限 / 本科
                                "
333,"
移动互联网,金融/不需要融资
",格上添富,“弹性工作，扁平化管理，零食水果”,[北京・团结湖],https://www.lagou.com/jobs/1942854.html,13k-25k,Python研发工程师,"
经验3-5年 / 本科
                                "
334,"
企业服务,数据服务/上市公司
",圆通,“上市公司，前景好，氛围好，调薪机会多”,[上海・华漕],https://www.lagou.com/jobs/2631153.html,20k-35k,高级python开发工程师,"
经验3-5年 / 本科
                                "
335,"
数据服务/上市公司
",Gridsum 国双,“上市公司 氛围好 前景佳 牛人多”,[北京・中关村],https://www.lagou.com/jobs/3771766.html,15k-20k,高级Python开发工程师（北京）,"
经验3-5年 / 本科
                                "
336,"
移动互联网,社交网络/不需要融资
",友缘在线,“福利待遇好，发展空间大”,[北京・北苑],https://www.lagou.com/jobs/3803106.html,20k-30k,Python 资深开发,"
经验5-10年 / 本科
                                "
337,"
移动互联网/A轮
",乐信圣文,"“发展空间,丰富福利,不打卡,高端医疗”",[北京・西三旗],https://www.lagou.com/jobs/3795478.html,20k-40k,高级Python开发工程师,"
经验3-5年 / 本科
                                "
338,"
电子商务,企业服务/不需要融资
",360企业安全,“平台成熟；薪酬福利好；技术氛围浓”,[北京・酒仙桥],https://www.lagou.com/jobs/3745051.html,10k-20k,python开发工程师,"
经验1-3年 / 本科
                                "
339,"
移动互联网/C轮
",智慧芽,"“弹性办公,团队管理,技术牛人,福利好”",[上海・天目西路],https://www.lagou.com/jobs/3318027.html,20k-30k,技术经理Python,"
经验5-10年 / 本科
                                "
340,"
数据服务/上市公司
",天玑科技,"“鹅厂,机会多,福利好”",[深圳・南山区],https://www.lagou.com/jobs/3768919.html,8k-16k,Python开发工程师,"
经验1-3年 / 本科
                                "
341,"
移动互联网/未融资
",泰赋星,"“五险一金,年底双薪,饭补,节假日福利”",[南京・新街口],https://www.lagou.com/jobs/3480967.html,9k-18k,python,"
经验1-3年 / 不限
                                "
342,"
移动互联网,电子商务/未融资
",Symbio-Freeborders,"“保险项目,架构设计”",[深圳・南山区],https://www.lagou.com/jobs/3542280.html,15k-20k,中高级Python开发工程师,"
经验3-5年 / 大专
                                "
343,"
金融/C轮
",有利网,"“大咖云集,扁平管理,上级nic,环境高大上”",[北京・中关村],https://www.lagou.com/jobs/3753681.html,10k-20k,Python工程师,"
经验1-3年 / 本科
                                "
344,"
移动互联网,游戏/D轮及以上
",赤子城,"“七险一金,8天年假,技术氛围好”",[北京・亮马桥],https://www.lagou.com/jobs/3043445.html,15k-30k,高级Python开发工程师,"
经验3-5年 / 本科
                                "
