jobName,city,company,salary,workMode,degree,experience,jobCategory,companyName,companyField,companyDevelopmentStage,companySize,companyURL,jobAdvantage,jobDescription
高级java开发工程师/专家/...,成都,蚂蚁金服集团支付宝事业群招聘,20k-40k,全职,本科及以上,经验不限,高级;Java;架构师;大数据;分布式;数据分析;,支付宝(杭州)信息技术有限公司,"金融,移动互联网",B轮,2000人以上,https://www.antfin.com/,"牛人,高薪,机会,挑战","开放与平台资深JAVA开发工程师/专家(平台研发方向,p6/p7/p8)&&【岗位描述】&&开放与平台技术部致力于打造蚂蚁级的开放、产品、商户等通用业务平台，实现全局业务能力与商家资源的开放共享，对内助力于商家、用户、机构等服务体系构建，对外以小程序、生活号等为抓手激活支付+X的金融生活开放生态。&&1. 参与蚂蚁的产品平台、商户平台、开放平台的建设，每个平台支撑着支付宝、网商银行、蚂蚁财富、蚂蚁保险、蚂蚁开放平台等各个板块业务，需要具备领域建模能力，能看透业务本质化繁为简；&&2.大量的系统都处于关键链路，直接参与核心代码设计与开发，需要具备良好的非功能性设计意识，喜欢高并发、高性能、高可用等场景挑战；&&3.需要耐得住寂寞，这里不一定能获取立竿见影的业务战果，但肯定有诸多考验业务洞察力、技术专精度等能力历练；&&【岗位要求】&&1. JAVA基础扎实：精通多线程编程，熟悉分布式,缓存,消息队列等机制；熟悉JVM，包括内存模型、类加载机制以及性能优化；&&2. 对各种开源的框架如Spring、Hibernate等有深入的了解，精通关系型数据库设计及SQL,精通unix/linux操作系统；&&3. 具备良好的识别业务关键需求和设计领域模型的能力；&&4. 热爱技术，工作认真、严谨，对系统质量有近乎苛刻的要求意识，善于沟通与团队协作；&&5. 有大型分布式、高并发、高负载、高可用性系统设计和稳定性经验优先；&&营销技术专家（P7/P8）&&【岗位描述】&&1.独立完成较复杂的系统分析、设计，并主导完成详细设计和编码的任务，确保项目的进度和&&质量;&&2.负责系统的规划设计，持续完善和优化，制定产品的技术发展路线；&&3.审核开发人员的系统设计和代码质量，书写技术文档和制定开发规范，辅导团队成员的技术&&能力提升。&&4.面向蚂蚁金服的数亿用户建设具有大规模，高吞吐量同时具有高稳定度的系统，面向蚂蚁金&&服及千万级商家提供通用、灵活、智能的业务支撑能力平台;&&【岗位要求】&&1.具有较大型互联网公司营销系统/推荐系统/广告系统经验的同学；&&2.较为深刻的理解营销业务本身，具有很强的业务到技术的转换及领域设计能力；&&3.较为深刻的理解数据和算法在营销业务中的场景及应用；&&4.JAVA基础扎实，数据库，高并发，稳定性有充分的经验；&&5.热爱技术，工作认真、严谨，对系统质量有近乎苛刻的要求意识，善于沟通与团队协作，主动性强；&&资深数据应用工程师(算法方向，P6/P7)&&【岗位描述】&&1. 通过机器学习等技术进行数据分析及建模的方案的系统化设计，负责数据挖掘项目的架构设&&计工作;&&2. 分析用户行为，对用户进行建模，设计合理的模型和算法;&&3. 设计营销算法，ab实验，以数据为驱动的实验调优;&&4. 对现有系统的架构进行深入分析及优化，进一步提升系统数据和算法能力，构建智能营销平台;&&【岗位要求】&&1. 计算机、数学、统计学、运筹学、机器学习等相关专业，具有扎实的统计和数据挖掘、建模&&基础；&&2. 熟练编程，具有丰富的独立实现算法和调优的经验，熟悉python等脚本语言优先；&&3. 具备较丰富的基于Hadoop ／ mapreduce ／ Spark等大数据处理项目经验优先；&&4. 熟悉常用算法，熟悉至少一种常用算法框架（Caffe, sklearn, tensorflow）；&&5. 对数据敏感，具有良好的逻辑思维能力、理解业务的能力、沟通能力和表达呈现能力，主动性强；&&6. 在某一算法领域比如推荐、图像、NLP等具备很强的专业技能者优先；&&资深JAVA工程师（数据应用方向，P6/P7）&&【岗位描述】&&1. 结合离线和实时计算大数据平台能力，构建支付宝支付运营支撑平台；&&2. 围绕支付业务过程，埋点收集支付过程曝光、行为、结果数据，并从用户、商户、订单等维度对数据进行建模；&&3. 使用Growth Hacking、A/B Testing等Data Technology实现通过数据驱动产品优化，降低用户支付障碍，提升支付成功率和用户支付体验等重要业务指标；&&【岗位要求】&&1. 扎实的Java编程基础，熟悉Linux下高并发，多线程原理，三年以上分布式系统开发工作经验；&&2. 对常见分布式开源项目（RPC，MQ，Spark等）原理有深入理解，深入源码研究，有造轮子或重构经验者更佳；&&3. 具备良好业务理解和沟通能力，工作认真、严谨、敬业，对系统质量有近乎苛刻的要求意识；&&4. 具有良好的数据敏感度，有数据分析，数据相关工作经验优先；&&5. 愿景驱动，愿投身推动无现金社会事业挖掘自身潜力；&&"
JAVA,上海,曙奇互娱研发部招聘,13k-25k,全职,本科及以上,经验3-5年,架构师;web;软件开发;Java;,曙奇互娱（上海）信息科技有限公司,"文化娱乐,金融",A轮,50-150人,http://www.shuqihuyu.com,"五险一金,年底双薪,定期旅游,定期体检",职责描述：&&1.负责服务器端业务逻辑和API开发；&&2.参与系统需求分析与设计，完成接口规范制定；&&3.与移动端开发人员沟通，满足移动端对服务器API的需求；&&4.对所负责的模块有维护责任，及时解决出现的问题，并能解答、解决网站运营人员提出的问题；&&5.完成服务器端与移动端功能联调和集成测试。&&职位要求：&&1.具有两年以上软件开发工作经验；&&2.精通Java开发语言；&&3.精通Struts2/Struts、Ibatis、Spring等开源框架；&&4.精通jsp、servlet、JMS、jdbc、JMX开发，熟悉J2EE规范，熟悉各种常用设计模式；&&5.熟悉Tomcat、Nginx等应用服务器；&&6.熟悉数据库开发（oracle、mysql）；&&7.喜欢钻研技术、有独立探索技术的能力，具有良好的软件工程知识和质量意识。&&
Java开发,上海,泛微招聘,12k-16k,全职,本科及以上,经验1-3年,Java;,上海泛微网络科技股份有限公司,"移动互联网,企业服务",上市公司,2000人以上,http://www.weaver.com.cn,一年两次加薪 福利待遇好 境外游 领导Nice,职位描述&&岗位描述：&&1、后台部分的开发与设计&&2、后台数据库的设计及维护&&岗位要求：&&1、2年以上开发经验&&2、熟悉基于Struts和Ibatis或者Hibernate的J2EE应用平台架构，熟练使用Spring等框架&&3、熟悉Oracle、MySql等数据库&&4、有银行、基金、证券、保险等金融业软件开发维护经验优先，有服务器和数据库优化经验者优先。&&5、有强烈的责任心，优秀的表达能力及沟通能力；&&6、熟悉软件技术文档的编写，具备良好的文档编制习惯和规范的代码书写&&7、有较强的学习和理解能力，思路清晰，善于思考，能独立分析和解决问题；&&【你关心的，我们懂】&&网传程序猿是高危行业，来泛微，不必担心！程序猿要高薪，更要健康！！&&薪资待遇――让你愉快的买买买，有钱，就是这么任性！&&精美三餐――拒绝千篇一律的快餐盒饭，拒绝新鲜打折的自带便当，拒绝街边小店的卫生堪忧，一日三餐营养均衡，我们比千里之外的双亲更能关怀到你的健康。&&每年至少一次国内外畅游――除了风情新马泰，时尚欧美灵魂尼泊尔浪漫马代都在我们的Plan A中。&&员工关怀活动――他们都在意你飞得高不高，而我们在乎的，是你飞得累不累。&&梦想――人要是没有梦想，那和咸鱼有什么分别！携手同样有梦想的你走这一程，让我们离梦想更近一步。&&价值――拥有你，就像拥有一座潜力无限的金矿，你的过往价值我们如获至宝，你的未来价值我们拭目以待。&&专业――十三年孜孜不倦，十三年持续专注，行业内知名专家团队，头脑风暴活学活用。&&千里马常有，伯乐不常有。我们有颗做伯乐的心，欢迎更多的千里马来加入！&&如果你年轻肯努力，敢想敢拼，希望不断进步；&&如果你想享受积极的工作氛围，激情的团队合作和多多的公司福利；&&如果你了解泛微，了解OA，有管理软件项目相关工作经验；&&请随时联系我们，泛微永远欢迎你！&&薪酬福利：&&1、提供有竞争力的薪资，执行相对公平合理的绩效政策和薪酬结构；&&2、其他福利：美味三餐、各种补贴、生日和节日福利、年休、优秀员工出国旅游等；&&3、作息时间：每天八小时工作制（9:00-18:00，午休1小时），双休+国家法定节假日。&&我们的诚意：&&-免费提供一日三餐，独立员工食堂，专业大厨亲自掌勺，保证膳食均衡；&&-转正既有年假，每年两次加薪机会，年终Bonus，那是必须的！&&-每月绩效奖金+研发奖金，用工资条上的数字体现你的技术和实力；&&-和你的付出相符的薪水；&&-每年一次国内旅游，优秀员工国外旅游，去年塞班岛，今年巴厘岛；&&-每年一次全面体检，关爱你的健康；&&-员工活动室（乒乓球、桌球），篮球场、浦东羽毛球馆常年场地，均免费；&&-安全舒适人体工学椅，时刻保护你的肩颈和腰椎；&&-每月至少一次团建，餐后水果，零食茶点免费供应；&&
Java开发工程师,上海,链家上海研发中心招聘,15k-23k,全职,本科及以上,经验3-5年,Java;,德佑房地产经纪有限公司,企业服务,B轮,华兴资本(华晟)，百度、腾讯、中信产业基金(B轮)，万科(D轮及以上),http://sh.lianjia.com/,今年融资 万亿级O2O平台 薪资给力,岗位职责：1.系统软件的系统设计与开发；2.公司网站的系统设计与开发；3.一些自动化工具软件的开发；4.参与一些基础技术框架的讨论。任职要求：1.本科以上学历，计算机专业背景；2.如果是应届生，希望专业基础要扎实(数据结构、操作系统的基本原理与概念)；3.熟悉Java，熟悉常用的开源框架，例如Spring MVC/Spring/myBatis；4.有一定的数据库基础，熟悉SQL Server，能设计数据库；5.热爱折腾/勇于折腾/善于折腾，敢想敢干；6.有独立分析问题和解决问题的能力；7.具备强烈的工作责任心和主动性；8.有较强的学习动力和自我提升欲望。&&
JAVA开发工程师,南京,苏宁云商招聘,10k-20k,全职,学历不限,经验3-5年,Java;web;电商;JavaScript;,南京苏宁软件技术有限公司,"O2O,移动互联网",上市公司,2000人以上,http://www.suning.com,技术沉淀,职位描述：&&一、岗位职责：&&1.主要从事电商移动平台、后台软件的功能设计、开发和实现；&&2.根据产品功能模块设计，编码实现各模块功能，并确保开发质量与进度；&&3.负责软件的设计、编程、调试和模块测试工作。&&二、任职要求：&&1.3年及以上J2EE方向开发经验；&&2.精通spring等开源框架 ；&&3.熟悉html、javascript、css、jsp/freemarker、jquery的使用 ；&&4.熟悉使用mysql/db2/oracle中的一种 ；&&5.有互联网相关项目、移动服务端相关项目开发经验优先 。&&
java工程师,杭州,微贷网研发中心招聘,10k-20k,全职,本科及以上,经验1-3年,高级;中级;Java;MySQL;j2ee;,微贷（杭州）金融信息服务有限公司,金融,C轮,"嘉御基金(C轮)，汉鼎股份(A轮,B轮)，盛大投资(A轮)",http://www.weidai.com.cn,"全额公积金,法定年休假,周三下午茶,加班可打的","1.3年及以上Java软件开发经验，具有扎实的Java基础。&&2.精通主流开源应用框架，如Spring、Struts、ibatis、XML、JSON等开发技术。&&3.熟练Linux,Nginx, Tomcat,Jvm的配置与操作。&&4.熟悉SVN、Maven等开发管理工具。&&5.熟悉分布式、缓存、消息、搜索等机制。&&6.熟悉Oracle、SQLServer、MySQL数据库开发。&&7.具有面向对象系统分析和设计经验、拥有良好的软件质量意识，熟悉重构及各种软件开发方法。&&8.良好的学习能力、团队协作能力和沟通能力；善于思考，能独立分析和解决问题。&&9.有CSS开发经验优先考虑。&&"
Java开发工程师,北京,京东商城京东商城商城研发部招聘,18k-36k,全职,本科及以上,经验3-5年,Java;MySQL;架构;电商;,北京京东世纪贸易有限公司,电子商务,上市公司,2000人以上,http://www.jd.com,"免费班车,牛人比肩,餐补,大平台","岗位职责： 1.参与公司电商相关项目的开发和基础平台建设工作。 2.能快速理解、消化各方需求，并落实为具体的开发工作。 3.具备良好的架构分析能力与设计能力，积极参与前期设计。 4.具备良好的需求分析能力，业务建模能力和数据库设计能力，参与系统详细设计。 5.相关技术架构文档撰写及进行技术分享培训。&&任职资格：&&1.本科学历，3年以上J2EE编程经验，侧重大数据处理和高并发系统开发，使用java开发过大型系统经验者优先，有过带队经验者优先。 2.精通java语言，熟悉java高并发应用开发，熟悉Spring、Hibernate、Struts2等开发框架。 3.思路清晰，逻辑性强，较强的分析设计能力和方案整合能力。 4.拥有良好的代码习惯，熟悉代码版本管理工具Svn/Git。 5.丰富的面向对象设计及编程能力，熟悉OOP开发模式。 6.熟悉TCP/IP网络协议,熟悉Linux操作系统。 7.掌握sql知识，熟悉sql优化过程，至少掌握关系型数据库MYSQL，至少了解一种非关系型数据库 （如Redis）及其适合的应用场景。 8.对开源技术有浓厚的兴趣，至少掌握Hadoop、Storm、Hive、Kafka、RabbitMQ、Zookeeper中的一种。&&"
Java开发工程师,上海,有鱼金融科技招聘,15k-25k,全职,本科及以上,经验3-5年,高并发;爬虫;分布式;J2EE;接口;,上海彩亿信息技术有限公司,"移动互联网,金融",B轮,华兴、同创、上海文化产业基金、如山资本(A轮),http://www.youyuwo.com/,准上市公司 扁平化管理 内部晋升,职位描述：&&1. 负责金融交易系统的开发及维护工作，定期完成量化的工作要求；&&2. 负责功能模块的项目需求分析、设计、开发，配合测试人员对产品需求进行测试；&&3. 主动发现问题，提出合理化建议，积极优化项目开发手段；&&4. 能独立处理和解决所负责的任务，及时解决生产上的系统问题；&&岗位要求：&&1、3年以上工作经验；&&2、具有良好的团队合作能力，沟通能力强，较强的责任心和抗压能力；&&3、Java基础扎实，熟练使用SpringMVC+mybatis/ibatis、SSH等主流JAVA框架，理解常用的设计模式；&&4、熟练使用Junit(或者其他)进行测试用例的编写；&&5、熟练掌握并使用mysql、oracle等数据库，并具有一定的SQL功底；&&6、熟练使用Linux系统常用命令；&&7、有实时高并发系统研发者优先；&&8、有互联网金融行业、金融交易系统研发经验者优先；&&
Java开发工程师,北京,中金支付有限公司开发部招聘,10k-20k,全职,本科及以上,经验1-3年,支付;Java;电商;,中金支付有限公司,移动互联网,不需要融资,中国金融认证中心(天使轮),http://www.china-clearing...,绩效奖金 带薪年假 免费体检 补充医疗,岗位职责：&&1、负责本公司互联网金融产品的需求分析与产品规划；&&2、负责本公司交易收单、核心清算、运营支撑、账务会计等系统的优化与升级；&&3、负责本公司的软件产品设计、开发和项目管理；&&4、负责与客户和银行沟通、协调。&&任职要求：&&1、重点大学本科及以上学历，计算机、信息系统、电子商务等相关专业；&&2、两年以上商业软件开发和管理经验；&&3、精通Java语言，精通Spring等开源框架，有系统架构工作经验；&&4、熟悉Oracle数据库服务器，熟悉Unix/Linux操作系统；&&5、良好的沟通能力和团队合作精神；&&6、具有金融行业、支付行业从业经历者优先。&&7、加分项：zookeeper、redis、kafka等。&&
JAVA工程师,大连,桔子分期技术部招聘,8k-10k,全职,本科及以上,经验3-5年,支付;Java;,北京桔子分期电子商务有限公司,"电子商务,金融",A轮,150-500人,http://www.juzifenqi.com,"五险一金,发展空间,扁平管理,弹性工作",岗位职责：&&1、根据业务需求与前端组协作开发并实现各产品功能；&&2、参与后端研发中涉及到的技术框架选型及相关实现；&&3、与数据组协作完成核心接口的定义、使用、测试并保证业务代码的运行效率；&&4、与测试组及运维组协作实现产品上线，并监控产品服务，及时处理线上异常。&&任职要求：&&1、本科以上学历。JAVA基础扎实，熟悉IO、多线程、集合等基础框架，熟悉分布式、缓存、消息、搜索等机制；&&2、3-5年以上J2EE开发经验，有大型分布式企业级应用的设计和开发经验，熟悉web集群、redis缓存、数据库集群技术；&&3、熟悉MySQL、Oracle数据库；熟悉SpringMVC、MyBatis等主流开源框架和技术；Apache、Nginx、Tomcat、WebLogic等主流应用服务器；&&4、熟悉大流量、高并发、高负载、高可用性的分布式系统的设计开发；&&5、熟悉第三方支付、微信开发；有电商项目开发经验优先；&&6、有良好的代码习惯和开发规范；&&7、具备良好的团队合作以及乐于分享的精神，关注新技术、能从技术趋势和思路上能影响技术团队。&&8、熟悉大数据相关技术知识，如Hadoop、MongoDB、HBase、Spark、Storm等优先。&&
Java开发工程师,杭州,腾展叮咚（Dingtone）开发部招聘,15k-30k,全职,本科及以上,经验1-3年,平台/后台;J2EE;redis;Java;,杭州腾展科技股份有限公司,"移动互联网,社交网络",上市公司,50-150人,http://www.dingtone.me,"全球化产品,海量用户,上市公司,股权激励","岗位职责：1、独立完成项目的系统分析，设计，并主导完成详细设计和编码的任务，确保项目的进度和质量；2、负责移动后端API设计,开发及维护；3、从构思到执行，能够编写架构性好的后端代码。任职要求：1、本科以上学历，2年以上J2EE开发经验，有互联网或移动应用产品开发经验，尤其是大规模并发系统架构经验优先；2、Java基础扎实，熟悉io、多线程、集合等基础框架；熟练掌握Java各种开源框架Spring, iBatis等；3、熟练掌握Mysql数据库，有SQL优化经验；4、有Redis，Memcached缓存和NoSQL数据库开发使用经验；5、具有设计和开发对外API接口经验能力，同时能具备跨平台的API规范设计以及API高效调用设计能力者优先考虑；6、熟悉linux系统中的常用命令,以及在该系统下项目的部署；7、熟悉常见设计模式，有良好的设计思想和可以熟练使用Rose或Viso等UML工具；8、有良好的沟通、理解能力，有良好的团队合作精神。逻辑思维能力强，能够独立思考，能够承受一定程度的压力。&&"
Java开发工程师,上海,zilliz技术部招聘,15k-30k,全职,本科及以上,经验3-5年,服务器端;高性能;软件开发;大数据;C++;Java;,上海赜睿信息科技有限公司,"企业服务,数据服务",A轮,多家一线投资机构(A轮),http://www.zilliz.cn,"丰厚期权,行业高薪,前沿技术,精英团队",岗位描述：&&高性能JAVA服务器端程序的设计、开发和测试&&岗位要求：&&计算机相关专业本科及以上学历；&&有3年以上Java开发经验，对Java反射机制有深入了解，熟悉设计模式和面向对象开发；&&熟悉Guava、apache-commons等库的使用，熟悉各类算法和数据结构；&&熟悉MacOS、Unix/Linux操作系统以及跨平台编程；&&会使用git进行代码协同管理；&&具备良好的文档编写能力；&&有较强的独立解决问题能力、学习能力、以及沟通能力。&&具备以下经历者优先：&&985或211；&&参与过人工智能平台或大数据系统开发；&&在github上发表项目；&&在技术博客或者论坛中发表文章。&&
Java工程师,北京,拉勾网拉勾云招聘,15k-30k,全职,本科及以上,经验3-5年,高级;后端开发;Java;平台/后台;分布式;电商;,北京拉勾网络技术有限公司,"企业服务,招聘",D轮及以上,"东方弘道(C轮,天使轮)，真格基金(天使轮)，贝塔斯曼(A轮)，启明创投，贝塔斯曼(B轮)，前程无忧(D轮及以上)",http://www.lagou.com,快速发展的业务和足够的技术挑战,岗位职责：&&拉勾云系统设计、开发&&解决线上系统问题，完成部分模块重构&&我们希望你：&&人靠谱，责任心强，有自信&&有技术中长期的规划能力&&有产品意识，能技术侧输出观点，关注产品效果。&&充满好奇心，享受coding，学习能力强，有代码洁癖&&技术全面，对技术有热情，在某个技术领域有自己的见解，关注技术发展方向&&技术上：&&数据结构/算法基础扎实&&JAVA基础扎实，精通io、多线程、集合等基础框架，熟悉jvm&&熟悉Mysql，有数据库设计经验，做过SQL Tuning&&具有出色的抽象设计能力，能独立分析和解决问题&&灵活设计原则，和设计模式。&&技术栈：Spring、Mybatis、Mysql、Redis、ES、Kafka&&必备：经得起推敲的技术项目&&加分项：&&电商、SaaS产品研发经验&&
Java,上海,泛微招聘,12k-18k,全职,本科及以上,经验1-3年,Java;,上海泛微网络科技股份有限公司,"移动互联网,企业服务",上市公司,2000人以上,http://www.weaver.com.cn,美味三餐 一年两次加薪 每月拿绩效奖金,岗位职责：&&1、组织并参与电子签章产品的开发设计工作；&&2、能根据要求，带领团队完成产品的设计与开发，解决技术难题&&任职要求：&&1.本科以上学历，计算机软件相关专业，2年以上电子印章、电子签章产品研发、自定义文件格式开发相关经验；&&2.熟悉PKI/CA技术体系，熟悉电子签章技术架构；&&3.熟悉加密解密技术，包括但不限于aes、rsa，了解java安全体系；&&4.精通Java/JavaScript/PLSQL/XML/JS，熟练使用Struts/Spring/Hibernate/Ibatis等常见开源框和MVC三层架构开发模式；&&
JAVA开发工程师,南京,苏宁云商广告研发中心招聘,10k-20k,全职,本科及以上,经验5-10年,Java;架构;,南京苏宁软件技术有限公司,"O2O,移动互联网",上市公司,2000人以上,http://www.suning.com,技术氛围好，发展潜力大,岗位职责：&&1.开发广告平台相关产品，独立完成重要功能和模块的详细设计和编码的任务，确保项目的进度和质量；&&2.在团队中完成相互间的Code Review任务，确保相关代码的有效性和正确性，通过Code Review提供相关性能以及安全的建议；&&3.维护和升级现有软件产品和系统，快速定位并修复现有软件缺陷。&&岗位要求：&&1. 计算机或相关专业本科以上学历，5年以上工作经验；&&2. 熟悉JAVA基础以及现流行JAVA WEB应用主流开发框架，对其有较深入理解；&&3. 熟练使用DB2、ORACLE、MYSQL等其中一种数据库，在数据库性能优化方面有很深理解，且有实际项目经验；&&4. 熟悉各种WEB前端技术，包括Javascript、css、Ajax、JQuery等；&&5. 熟练使用Tomcat或Jboss等应用服务器；&&6. 了解Android或IOS开发技术，有相关开发经验者优先；&&7. 具备良好的沟通能力和团队协作能力，有责任心，具有较抗压能力&&
Java开发工程师,上海,链家上海研发中心招聘,15k-24k,全职,本科及以上,经验3-5年,Java;,德佑房地产经纪有限公司,企业服务,B轮,华兴资本(华晟)，百度、腾讯、中信产业基金(B轮)，万科(D轮及以上),http://sh.lianjia.com/,万亿级O2O平台 一年两次调薪 季度奖金,岗位职责：1.系统软件的系统设计与开发；2.一些自动化工具软件的开发；3.参与一些基础技术框架的讨论。任职要求：1.本科以上学历，计算机专业背景；2.熟悉Java，熟悉常用的开源框架，例如Spring MVC/Spring/myBatis；3.有一定的数据库基础，熟悉SQL Server，能设计数据库；4.热爱折腾/勇于折腾/善于折腾，敢想敢干；5.有独立分析问题和解决问题的能力；6.具备强烈的工作责任心和主动性；7.有较强的学习动力和自我提升欲望。&&
Java工程师,北京,桔子分期技术研发中心招聘,15k-30k,全职,本科及以上,经验3-5年,高级;中级;Java;MySQL;金融;支付;,北京桔子分期电子商务有限公司,"电子商务,金融",A轮,150-500人,http://www.juzifenqi.com,"平台广阔,福利丰厚","岗位职责：1.参与系统设计与研发。2.很好的编程功底，注重代码质量。根据开发规范与流程独立完成模块的设计和编码；3.确保项目目标的实现，保证项目准确、优质地完成全部任务；4.能够承受一定压力，能够以很好的状态进行技术实现。&&任职要求：1.计算机或相关专业本科以上学历，3年及以上java平台开发经验；2.熟悉JAVA相关编程，熟悉SpringMVC,MyBatis等技术；3.熟悉大流量、高并发、高负载、高可用性的分布式系统的设计开发；4.熟悉mysql数据库开发，有较强的sql编写能力；5.思维逻辑能力强，善沟通，学习能力强&&"
Java工程师,上海,zilliz技术部招聘,15k-30k,全职,本科及以上,经验3-5年,专家;大数据;C++;Java;,上海赜睿信息科技有限公司,"企业服务,数据服务",A轮,多家一线投资机构(A轮),http://www.zilliz.cn,"丰厚期权,行业高薪,前沿技术,精英团队",岗位描述：&&高性能JAVA服务器端程序的设计、开发和测试&&岗位要求：&&1. 计算机相关专业本科及以上学历；&&2. 有3年以上Java开发经验，对Java反射机制有深入了解，熟悉设计模式和面向对象开发；&&3. 熟悉Guava、apache-commons等库的使用，熟悉各类算法和数据结构；&&4. 熟悉MacOS、Unix/Linux操作系统以及跨平台编程；&&5. 会使用git进行代码协同管理；&&6. 具备良好的文档编写能力；&&7. 有较强的独立解决问题能力、学习能力、以及沟通能力。&&具备以下经历者优先：&&1. 985或211；&&2. 参与过人工智能平台或大数据系统开发；&&3. 在github上发表项目；&&4. 在技术博客或者论坛中发表文章。&&
Java,上海,有鱼金融科技招聘,12k-20k,全职,本科及以上,经验1-3年,后端开发;Java;MySQL;分布式;J2EE;,上海彩亿信息技术有限公司,"移动互联网,金融",B轮,华兴、同创、上海文化产业基金、如山资本(A轮),http://www.youyuwo.com/,年轻的团队 扁平化管理 准上市公司,"我们需要的协作--&&1、负责公司产品的功能规划、需求分析设计、技术实现和用户体验；&&2、负责所属模块的代码开发、调试与维护工作；&&3、配合测试人员对发现的问题进行修改；&&4、正确进行源代码发布和管理；&&5、良好的团队合作，完成公司产品研发工作。&&我们需要的人才--&&1、本科以上学历，2年以上JAVA开发经验&&2、有互联网行业后端开发经验优先考虑&&3、熟悉JDK，精通J2EE开发；&&4、熟练掌握一种主流数据库：MySQL、Oracle，熟悉SQL性能调优。&&5、熟练使用spring，mybatis, springMVC, 等开源框架开发。&&6、基础算法的熟练使用，如冒泡排序&&7、熟悉maven、git等工具；&&8、了解 Hadoop, Zookeeper等相关知识；&&"
Java开发工程师,杭州,远传技术IPCC产品部招聘,15k-30k,全职,本科及以上,经验5-10年,Java;MySQL;J2EE;,浙江远传信息技术股份有限公司,移动互联网,上市公司,浙江远传成功挂牌新三板，打造客户行业龙头，股票代码834841(上市公司),http://www.utry.cn,"五险一金,餐补,年终奖金,定期体检","岗位职责：&&1.理解业务，并进行需求评估、拆解和系统设计；&&2.技术框架、核心组件等关键代码的编写&&3.攻克技术难关，保障系统的高性能和稳定性；&&4.具备良好的沟通能力，可跨团队协作；&&岗位要求：&&1.有5年以上JAVA WEB开发工作经验，热爱软件开发；&&2.精通J2EE技术及原理,以及JSP/Servlet/Ajax/JavaScript/CSS/HTML等WEB开发技术；&&3.精通Struts2,Spring、Ibatis/Mybatis、Hibernate，精通MVC编程模式;&&4.精通常用数据库MYSQL、ORACLE、SQLSERVER的开发，精通存储过程的编写，具备数据库设计能力，熟练使用数据库设计工具如 PowerDesigner,caseStudio；&&5.熟悉tomcat、weblogic、jboss等主流WEB服务器；&&6.熟练编写开发文档；&&7.有项目开发小组团队管理经验者优先；&&8.具有较强的学习能力，能适应较大的工作压力，具备良好的团队精神和敬业精神。&&"
Java工程师,杭州,宗盛智能研发部招聘,13k-18k,全职,大专及以上,经验1-3年,Java;,杭州宗盛智能科技有限公司,生活服务,不需要融资,50-150人,http://www.zongs365.com,娃哈哈 自动售货机 互联网+ 发展空间大,"岗位职责：&&1、根据项目开发方案，进行系统建模、数据结构设计等，保证程序开发的规范；&&2、在保证质量的前提下按时完成上级分配的任务；&&3、负责公司后台系统的代码编写、单元测试、并积极配合测试人员进行BUG修改。&&岗位要求：&&1、三年及以上JAVA开发经验；&&2、熟悉javaEE架构和MVC开发模式，熟悉Srping，SpringMVC，mybatis等后台常用框架；&&3、基本掌握、HTML、JAVASCRIPT、CSS、AJAX、Bootstrap、JQuery等前端知识；&&4、熟悉apache、 tomcat、nginx等种应用服务器使用及配置；&&5、熟悉各种关系型、非关系型数据库，包括mongodb,mysql,redis，能够编写优化复杂的SQL语句；&&6、从事过电商、银行、线上线下对接项目、接口、同步程序优先。&&"
JAVA,上海,kargocard技术研发招聘,15k-30k,全职,本科及以上,经验5-10年,web;软件开发;Java;,创愿（上海）信息技术有限公司,"企业服务,O2O",B轮,50-150人,http://www.kargocard.com,"福利好,领导好",职位描述：&&工作职责：&&1、正确理解需求，独立完成分配任务的需求分析、软件设计、代码撰写、编程等；&&2、完成单元测试代码和相关测试代码的撰写；&&3、配合测试人员对发现的问题进行修改和改进；&&4、正确进行源代码发布和管理；&&5、良好的团队合作，完成公司产品设计和研发工作。&&任职要求：&&1、5年及以上软件开发工作经验；&&2、精通Java语言，对J2EE相关知识有深入理解；&&3、熟悉HTML5相关技术开发Web前端页面，基于HTML5编写可复用的用户界面组件，以及CSS3，JQuery，AJAX等相关前端技术；&&4、能独立进行数据库ER设计，熟练掌握复杂SQL语句操作，了解常用的数据库特点；&&5、理解常用WEB开发框架，如SpringMVC，Apache OFBiz等；&&6、熟悉Unix/Linux系统，掌握常用命令和操作。&&
JAVA开发工程师,杭州,新致软件招聘,13k-18k,全职,大专及以上,经验3-5年,Java;爬虫;中间件;分布式;redis;系统架构;,上海新致软件股份有限公司,"移动互联网,数据服务",C轮,2000人以上,http://www.newtouch.cn,五险一金 补充商业保险 年度旅游 工会活动,"工作职责&&1、参与产品需求的讨论和梳理，完成项目的系统分析、设计和开发实现，确保技术方案能够按计划要求，高质量的完成； 2、对技术有较强的钻研及学习精神，能够深入了解开源技术、现有系统技术等相关技术原理，完成系统性能优化，解决各类潜在系统技术风险，保证系统的安全、稳定、快速运行；&&任职资格&&1、3年以上的Java开发经验，对技术有热情和追求； 2、有扎实的java基础，熟悉分布式，缓存，异步消息等技术的原理，能对分布式常用技术进行合理应用，解决问题； 3、掌握多线程及高性能的设计与编码及性能调优；有高并发应用开发经验优先； 4、熟练运用Spring，MyBatis等框架进行开发工作； 5、熟练使用Linux 操作系统和常见数据库，能对复杂SQL进行性能优化； 6、熟悉Redis, MongoDB, Memcached等非关系型存储的使用；熟悉HBase、Cassandra； 7、有良好的抽象设计能力和逻辑性，善于独立分析和解决问题； 8、有良好团队合作精神，较强的责任心和抗压能力。 9、有良好的跨团队协调沟通能力&&"
Java,上海,鲁班软件研发中心招聘,15k-20k,全职,本科及以上,经验3-5年,资深;高级;中级;Java;MySQL;redis;,上海鲁班软件有限公司,企业服务,不需要融资,150-500人,http://www.lubansoft.com,技术成熟 环境舒适 技术氛围浓 发展空间大,岗位职责：&&1、根据业务需求完成后台模块的设计和开发；&&2、相关功能模块性能调优、框架调整；&&3、与前端工程师进行对接。任职要求：1、本科及以上学历，计算机相关专业，3年及以上Java开发工作经验；2、熟悉java、MYSQL、SSM （ Spring 、 SpringMVC 和 Mybatis）等；&&3、对关系型数据库、NOSQL有使用经验，熟悉HTML5、SQL优化或了解全文检索、SOA、REST、NOSQL、MongoDB、Spark、Hadoop或有分布式系统开发经验满足以上条件其中之一者即可优先考虑；4、积极主动，善于沟通，团队合作意识强，有较好的自学能力，能独立完成项目开发工作。&&
Java工程师,北京,拉勾网拉勾云招聘,15k-25k,全职,本科及以上,经验5-10年,企业服务;高级;后端开发;分布式;J2EE;SOA;,北京拉勾网络技术有限公司,"企业服务,招聘",D轮及以上,"东方弘道(C轮,天使轮)，真格基金(天使轮)，贝塔斯曼(A轮)，启明创投，贝塔斯曼(B轮)，前程无忧(D轮及以上)",http://www.lagou.com,技术挑战、工作居住证、美味果盘、运动健身,JAVA基础扎实，精通io、多线程、集合等基础框架&&负责业务模块分析设计并负责完成开发；&&需要扎实的基础，拥有良好的编码习惯；&&熟练使用Mybatis，SpringMVC等框架进行项目开发；&&熟悉SOA，熟练并使用过rpc框架；&&熟悉MySQL、Redis、消息队列；&&良好的沟通和学习能力，团队合作精神，能独立承担工作；&&
Java开发,上海,泛微招聘,12k-16k,全职,本科及以上,经验1-3年,银行;Java;,上海泛微网络科技股份有限公司,"移动互联网,企业服务",上市公司,2000人以上,http://www.weaver.com.cn,员工旅游、工作日美味三餐、舒心的工作氛围,1、2年以上开发经验&&2、熟悉基于Struts和Ibatis或者Hibernate的J2EE应用平台架构，熟练使用Spring等框架&&3、熟悉Oracle、MySql等数据库&&4、有银行、基金、证券、保险等金融业软件开发维护经验优先，有服务器和数据库优化经验者优先。&&5、有强烈的责任心，优秀的表达能力及沟通能力；&&6、熟悉软件技术文档的编写，具备良好的文档编制习惯和规范的代码书写&&7、有较强的学习和理解能力，思路清晰，善于思考，能独立分析和解决问题；&&【你关心的，我们懂】&&网传程序猿是高危行业，来泛微，不必担心！程序猿要高薪，更要健康！！&&薪资待遇――让你愉快的买买买，有钱，就是这么任性！&&精美三餐――拒绝千篇一律的快餐盒饭，拒绝新鲜打折的自带便当，拒绝街边小店的卫生堪忧，一日三餐营养均衡，我们比千里之外的双亲更能关怀到你的健康。&&每年至少一次国内外畅游――除了风情新马泰，时尚欧美灵魂尼泊尔浪漫马代都在我们的Plan A中。&&员工关怀活动――他们都在意你飞得高不高，而我们在乎的，是你飞得累不累。&&梦想――人要是没有梦想，那和咸鱼有什么分别！携手同样有梦想的你走这一程，让我们离梦想更近一步。&&价值――拥有你，就像拥有一座潜力无限的金矿，你的过往价值我们如获至宝，你的未来价值我们拭目以待。&&专业――十三年孜孜不倦，十三年持续专注，行业内知名专家团队，头脑风暴活学活用。&&千里马常有，伯乐不常有。我们有颗做伯乐的心，欢迎更多的千里马来加入！&&如果你年轻肯努力，敢想敢拼，希望不断进步；&&如果你想享受积极的工作氛围，激情的团队合作和多多的公司福利；&&如果你了解泛微，了解OA，有管理软件项目相关工作经验；&&请随时联系我们，泛微永远欢迎你！&&薪酬福利：&&1、提供有竞争力的薪资，执行相对公平合理的绩效政策和薪酬结构；&&2、其他福利：美味三餐、各种补贴、生日和节日福利、年休、优秀员工出国旅游等；&&3、作息时间：每天八小时工作制（9:00-18:00，午休1小时），双休+国家法定节假日。&&我们的诚意：&&-免费提供一日三餐，独立员工食堂，专业大厨亲自掌勺，保证膳食均衡；&&-转正既有年假，每年两次加薪机会，年终Bonus，那是必须的！&&-每月绩效奖金+研发奖金，用工资条上的数字体现你的技术和实力；&&-和你的付出相符的薪水；&&-每年一次国内旅游，优秀员工国外旅游，去年塞班岛，今年巴厘岛；&&-每年一次全面体检，关爱你的健康；&&-员工活动室（乒乓球、桌球），篮球场、浦东羽毛球馆常年场地，均免费；&&-安全舒适人体工学椅，时刻保护你的肩颈和腰椎；&&-每月至少一次团建，餐后水果，零食茶点免费供应；&&
Java开发工程师,上海,链家上海研发中心招聘,15k-24k,全职,本科及以上,经验3-5年,Java;,德佑房地产经纪有限公司,企业服务,B轮,华兴资本(华晟)，百度、腾讯、中信产业基金(B轮)，万科(D轮及以上),http://sh.lianjia.com/,万亿级O2O平台 一年两次调薪 半年度奖金,"岗位职责：1.内部软件、系统开发和维护&&任职要求：1.本科以上学历，计算机专业背景;2.有独立工作和思考能力, 有一定敏捷开发基础;3.三年以上Java开发经验，熟悉常用的开源框架Spring MVC / iBatis;4.有一定的数据库基础，能设计表与索引;5.对于系统性能调优, 局部重构有心得者佳;6.有较强的学习动力和自我提升欲望，对技术怀有浓厚兴趣并刻苦钻研;7.愿意指导同事一起工作的更佳&&"
Java工程师,杭州,zilliz技术部招聘,15k-30k,全职,本科及以上,经验3-5年,专家;大数据;C++;Java;,上海赜睿信息科技有限公司,"企业服务,数据服务",A轮,多家一线投资机构(A轮),http://www.zilliz.cn,"丰厚期权,行业高薪,前沿技术,精英团队",岗位描述：&&高性能JAVA服务器端程序的设计、开发和测试&&岗位要求：&&1. 计算机相关专业本科及以上学历；&&2. 有3年以上Java开发经验，对Java反射机制有深入了解，熟悉设计模式和面向对象开发；&&3. 熟悉Guava、apache-commons等库的使用，熟悉各类算法和数据结构；&&4. 熟悉MacOS、Unix/Linux操作系统以及跨平台编程；&&5. 会使用git进行代码协同管理；&&6. 具备良好的文档编写能力；&&7. 有较强的独立解决问题能力、学习能力、以及沟通能力。&&具备以下经历者优先：&&1. 985或211；&&2. 参与过人工智能平台或大数据系统开发；&&3. 在github上发表项目；&&4. 在技术博客或者论坛中发表文章。&&
Java工程师,上海,有鱼金融科技研发部招聘,12k-24k,全职,本科及以上,经验3-5年,开发工程师;后台开发;Java开发;初级开发工程师;Java;Java开发工程师;,上海彩亿信息技术有限公司,"移动互联网,金融",B轮,华兴、同创、上海文化产业基金、如山资本(A轮),http://www.youyuwo.com/,快来跟牛逼的团队一起战斗！,工作职责：&&1、能理解产品设计稿并参与项目需求讨论；&&2、根据开发进度和任务分配，按时高质量完成相应功能模块设计与开发实现；&&3、分析并解决软件开发过程中的问题；&&4、协助测试工程师制定测试计划，定位发现的问题；&&任职资格：&&1.计算机及相关专业本科及以上学历；&&2.精通Java语言、熟悉J2EE项目开发、精通Java设计模式；&&3.熟练掌握mysql、oracle、sqlserver等主流数据库开发，有较强的sql编写能力；&&4.精通MVC模式，熟练使用struts、Spring、Hibernate、ibatis等开源框架；&&5.熟悉linux基本操作，tomcat、apache/nginx等应用服务器基本操作及部署；&&6.喜欢新技术的学习、调研和实验，有解决产品技术难题的决心和能力，有创新能力；&&7.身体健康，具备较强的团队协作精神，工作主动性强，耐心细致，有责任心;&&
java开发工程师,上海,江苏亿科达技术部招聘,10k-20k,全职,大专及以上,经验3-5年,高级;中级;oracle;软件开发;Java;,上海海万信息科技股份有限公司,"移动互联网,金融",不需要融资,500-2000人,http://www.hiiso.com,"年终奖,体检旅游,五险一金,年假",1、精通Java/J2EE编程，熟练使用Eclipse/Git/MVN等开发工具，有2-5年以上开发经验；2、有良好的代码书写、注释和单元测试习惯；3、熟练使用oracle数据库，有redis，rocketMQ，spring，zookeeper等经验者优先；4、熟悉Linux操作系统，掌握常用的Linux命令，熟悉脚本编程Shell/Python优先；5、熟悉主流关系型数据库、NOSQL数据库的架构、开发及部署；6、熟悉分布式系统的架构，有分布式系统架构设计的经验；7、主动好学，具备良好的沟通合作技巧，较强的责任心及团队合作精神，并有一定领导经验；8、熟练掌握数据结构，操作系统，数据库原理等。&&工作地点浦东浦西都有&&
java工程师,北京,桔子分期产品技术部招聘,20k-30k,全职,本科及以上,经验3-5年,高级;中级;Java;,北京桔子分期电子商务有限公司,"电子商务,金融",A轮,150-500人,http://www.juzifenqi.com,丰厚的福利待遇 完善的发展平台,"岗位职责： 1.参与系统设计与研发； 2.很好的编程功底，注重代码质量。根据开发规范与流程独立完成模块的设计和编码； 3.确保项目目标的实现，保证项目准确、优质地完成全部任务； 4.能够承受一定压力，能够以很好的状态进行技术实现。 任职要求： 1.计算机或相关专业本科以上学历，3年及以上java平台开发经验； 2.熟悉JAVA相关编程，熟悉SpringMVC,MyBatis等技术； 3.熟悉大流量、高并发、高负载、高可用性的分布式系统的设计开发； 4.熟悉mysql数据库开发，有较强的sql编写能力； 5.思维逻辑能力强，善沟通，学习能力强。&&"
高级架构师-Java,杭州,心理壹点灵研发部招聘,25k-35k,全职,本科及以上,经验5-10年,架构师;redis;SOA;系统架构;,上海袋虎信息技术有限公司,"移动互联网,医疗健康",A轮,获得千万级融资(天使轮),http://www.yidianling.com,"爆发性行业,合伙人计划,上升空间大",职位描述：&&1）负责核心系统的架构设计，重构、优化现有的技术架构，应对海量数据与高并发。&&2）应对业务快速发展，规划制定相应地技术规划，推动系统演进&&3）解决重要项目中的关键架构问题和技术难题，负责项目中关键技术难点的攻关和预研&&4）对开发团队进行技术指导和培训&&岗位要求：&&1）精通Java语言，对io、多线程、集合等基础框架有深入理解；&&2）熟悉Spring boot、Spring cloud，对微服务架构熟悉&&3）四年以上使用JAVA进行web开发的经验，熟悉主流技术架构体系，对相关技术领域的开源产品有深入的理解 ；&&4）有大型分布式、高并发、高可用系统设计、开发和调优经验；&&5）具备较强的逻辑思维、沟通技巧、管理能力，能自我驱动；具有挑战精神，能应对业务高速发展；&&6）对技术与互联网有热情，对心理学改变世界有兴趣。&&
Java,上海,壹米滴答IT中心招聘,15k-30k,全职,本科及以上,经验3-5年,Java;,上海壹米滴答供应链管理有限公司,"企业服务,其他",B轮,普洛斯、源码资本、险峰长青(A轮)，鼎晖投资领投，普洛斯、源码资本、险峰长青、拓锋投资、GVC(B轮)，凯辉基金领投， A轮投资方源码资本、普洛斯、险峰长青(A轮),http://www.yimidida.com,福利待遇好、员工旅游、交社保,"1、根据系统需求说明书，完成系统详细设计、编码、单元测试；&&2、掌握最新的公司业务流程，确保开发能够准确的实现业务需求；&&3、遵循IT中心开发流程，提交各阶段的交付件，保质保量完成开发任务；&&4、积极主动配合测试部门的测试，进行问题的修复并提交交付件，确保系统测试工作有序开展；&&5、通过分析所负责的模块运行数据，对系统进行优化，保证系统稳定性。&&任职要求：&&1、本科及以上学历，计算机相关专业；&&2、3-5年Java开发工作经验；&&3、熟练Java开发语言、熟练Html、JavaScript、CSS等网页开发知识；&&4、精通JAVA语言，掌握Struts2,Spring,Ibatis, hibernate等主流 J2EE 开发框架，熟练运用这些技术进行 java web开发；&&5、掌握sql语法，掌握如何优化数据库，调优sql语句；&&6、掌握常用的设计模式，理解其用法，能够在实际工作中运用设计模式，保证代码的优雅；&&7、掌握JQuery、CSS等前端技术；&&8、熟悉Tomcat、JBoss等应用服务&&"
Java开发,上海,灿福科技技术中心招聘,12k-18k,全职,本科及以上,经验3-5年,中级;MySQL;金融;j2ee;通信工程;Java;,上海灿福信息科技发展有限公司,"移动互联网,数据服务",天使轮,杭州若沐(天使轮),http://www.xianjinkd.com,"技术控,领导幽默,年轻小伙伴,福利多多","岗位职责：&&1、根据业务功能，独立完成建模设计、接口设计，承担相关系统程序的性能提升、代码优化；&&2、独立完成功能开发、单元测试、Bug修复；&&3、按规范编写相关技术文档；&&4、与团队成员合作、沟通，对开发过程中的问题进行总结，共同完成项目；&&5、其他相关技术性工作。&&任职要求:&&1、大专及以上学历，计算机/通信相关专业优先；&&2、扎实的java编程基础知识，至少3年java开发经验；&&3、熟练掌握J2EE开发架构和设计模式，有较强的分析设计能力；&&4、熟练运用struts , springMvc，mybatis，ibatis等框架，对spring有较深入了解；&&5、熟悉HTML/JavaScript/CSS/JSP/XML开发技术，拥有丰富的json或Ajax开发经验；&&6、熟悉Tomcat、Jboss等应用服务器，熟悉oracle、mysql数据库；&&7、工作踏实认真，思路清晰，有良好的团队合作精神。&&加分项：&&1、优秀的代码设计能力；&&2、写过核心代码，能够独立完成模块开发；&&3、喜欢钻研技术、有独立探索技术的能力，具有良好的软件工程知识和质量意识。&&"
java开发工程师,杭州,远传技术各产品线招聘,9k-18k,全职,学历不限,经验3-5年,Java;,浙江远传信息技术股份有限公司,移动互联网,上市公司,浙江远传成功挂牌新三板，打造客户行业龙头，股票代码834841(上市公司),http://www.utry.cn,五险一金、餐补、年终奖金、定期体检,"工作职责：&&产品部均需要Java研发工程师，工作内容涵盖呼叫中心相关系统开发，技术平台开发，通信平台开发，产品开发等。&&优厚待遇+期权激励&&中级要求：&&1、具备较强的Java编码能力；开发从业经验2年以上；&&2、熟练使用spring,spring mvc,my batis等技术框架；&&3、熟悉mysql, oracle, mssqlserver至少一种，有较好的SQL脚本编写能力；&&4、具有一定的业务设计能力，有大型项目开发经验者优先；&&5、具有较强的学习能力，能适应较大的工作压力，具备良好的团队精神和敬业精神。&&高级要求：&&1、有3年以上JAVA WEB开发工作经验，热爱软件开发；&&2、精通/数据结构及算法/J2EE技术及原理,以及JSP/Servlet/Ajax/JavaScript/CSS/HTML等WEB开发技术；&&3、精通Struts2,Spring、Ibatis/Mybatis、Hibernate，精通MVC编程模式;&&4、精通常用数据库SQLSERVER、ORACLE、MYSQL的开发，精通存储过程的编写，具备数据库设计能力，熟练使用数据库设计工具如 PowerDesigner,caseStudio；&&5、熟悉weblogic、jboss、tomcat等主流WEB服务器；&&6、熟练编写开发文档；&&7、有项目开发小组团队管理经验者优先；&&8、具有较强的学习能力，能适应较大的工作压力，具备良好的团队精神和敬业精神。&&"
JAVA,上海,足记技术部招聘,13k-20k,全职,本科及以上,经验3-5年,移动互联网;Java;MySQL;j2ee;,上海如书文化传播有限公司,"移动互联网,旅游",A轮,光速安振、紫辉创投(天使轮)，成为资本、红杉资本、光源资本、光速安振等(A轮),http://www.fotoplace.cc,"团队有活力,开放式环境,无限下午茶,撸猫爱不停",1、根据需求，能够完成产品接口的设计和开发；&&2、参与项目需求分析，编写接口文档、设计文档等常用的开发文档；&&3、完善相关Java基础中间件的功能兼容度和可靠性验证。&&任职资格：&&1、本科及以上学历，3年以上的J2EE开发经验；&&2、熟悉J2EE技术体系，Java基础功底扎实，有多线程高并发开发经验，熟悉Spring、spring mvc、Mybatis等技术及原理；&&3、熟悉数据库相关技术，精通sql、熟悉 Mysql等关系型数据库，熟悉redis、mongodb等非关系型数据库；&&4、熟悉web相关应用服务器中间件：如nginx、tomcat等；&&5、有中大型移动互联网从业经验者优先；&&6、在github等开源平台发布过代码，有成功案例开发经验者优先；&&7、做事认真仔细，勤奋敬业，效率高，动作快，有较强的学习能力及沟通能力，能承受较大的工作压力。&&
Java,青岛,北京盛安德青岛分公司招聘,10k-15k,全职,本科及以上,经验3-5年,MySQL;Java;,北京盛安德科技发展有限公司,"移动互联网,企业服务",不需要融资,150-500人,http://www.shinetechchina...,弹性工作不打卡；专业开发团队；技术大牛多,"1) 3年以上java开发经验；&&2) 扎实的JAVA语言基础，熟悉开源框架(Spring, Hibernate)；&&3) 熟悉MySQL数据库，MongoDB数据库, 熟悉linux环境；&&4) 熟悉Webservice；&&5) 熟练的英文读写能力，四级以上或同等水平；口语能力者优先；&&6) 了解敏捷开发, 热爱开发工作，技术钻研；&&7) 熟悉 Amazon AWS, elasticsearch者优先；&&"
Java开发工程师,上海,东方财富研发中心招聘,15k-20k,全职,本科及以上,经验3-5年,软件开发;Java;,东方财富信息股份有限公司,金融,上市公司,2000人以上,http://www.eastmoney.com/,"五险一金,年底双薪,绩效奖金",职位描述：&&1、 负责需求、设计等文档的编制；&&2、 根据用户需求设计系统架构；&&3、 指导程序人员开发；&&4、 按照公司要求提交相应报告报表等；&&5、 完成领导交办的其他任务。&&任职条件：&&1、5年以上JAVA B/S项目开发经验，本科以上学历；&&2、熟悉SSH框架和J2EE规范的开发；&&3、熟悉oracle、sqlserver、mysql数据库使用；&&4、具有数据库建模设计、软件系统详细设计能力；&&5、扎实的Java语言功底，良好的编程习惯，熟练使用Eclipse等开发工具；&&6、有小贷系统经验者优先；&&7、熟悉以下领域开发者优先：工作流、评分卡/决策引擎。&&
java,上海,亿通国际技术研发中心招聘,11k-20k,全职,本科及以上,经验3-5年,j2ee;Java;,上海亿通国际股份有限公司,"电子商务,数据服务",不需要融资,150-500人,http://www.easipass.com,"发展前景好,福利完善,办公环境美",岗位职责：&&1、配合项目经理完成项目需求分析；&&2、参与项目的架构设计、详细设计、编码和单元测试，并完成相关文档的撰写；&&3、配合完成详细设计评审、UI评审、代码审阅；&&4、进行软件开发新技术的研究。&&任职要求：&&1、计算机相关专业，本科及以上学历；&&2、熟练掌握Java语言，具有良好的编程习惯；熟悉主流J2EE开源框架（如Struts、Hibernate、Spring等）的原理和使用方法；&&3、了解JSP、Servlet、HTML、HTML5、JavaScript、CSS技术，了解JSON的解析和使用；&&4、了解J2EE应用服务器（如WebLogic、WebSphere、Tomcat等）的部署和配置方法；&&5、了解主流UNIX操作系统（如Linux、HPUX、AIX等）的特性以及基本操作；&&6、熟悉Rational Rose/MS Visio等建模工具，会使用CVS/SVN/PVCS等配置管理软件。&&
JAVA后端开发,北京,拉勾网招聘业务部招聘,15k-25k,全职,本科及以上,经验3-5年,中级;后端;软件开发;php;Java;CRM;,北京拉勾网络技术有限公司,"企业服务,招聘",D轮及以上,"东方弘道(C轮,天使轮)，真格基金(天使轮)，贝塔斯曼(A轮)，启明创投，贝塔斯曼(B轮)，前程无忧(D轮及以上)",http://www.lagou.com,美味果盘、运动健身,综合素质：&&充满好奇心，享受coding，学习能力强，有代码洁癖&&技术全面，对技术有热情，关注技术发展方向&&极强的责任心，追求完美的习惯，刨根问底的精神&&负责内部权限系统、CRM、管理后台的框架设计也功能后端开发和维护。&&技能要求：&&具有扎实的Java基础，逻辑思维缜密；&&熟练使用RPC框架（Dubbo）；&&熟练使用mysql数据库；&&熟练使用Mybatis，SpringMVC，Redis等框架。&&
java研发,上海,泛微招聘,12k-15k,全职,本科及以上,经验3-5年,Java;,上海泛微网络科技股份有限公司,"移动互联网,企业服务",上市公司,2000人以上,http://www.weaver.com.cn,员工旅游、工作日美味三餐、舒心的工作氛围,"1、负责所属模块的功能规划、需求分析设计、技术实现和用户体验，&&2、负责所属模块的代码开发、调试与维护工作；&&3、积极响应客户需求并进行开发和交付；&&4、参与公司产品的架构优化，性能优化并辅助其他模块进行技术实现；&&5、协助并完成其他各类技术开发任务。&&岗位要求：&&1、计算机或者相关专业，统招全日制本科及以上学历。&&2、良好的问题理解能力，能够理解以及处理复杂逻辑。&&3、具备较强的自学能力，团队精神及抗压能力。&&4、三年以上的Java开发应用经验，掌握JSDK，J2EE的相关知识，精通JAVA、JSP、SERVERLET编程，熟悉多线程编程，熟练掌握AJAX，jquery。&&5 、熟练掌握JAVASCRIPT脚本编写，了解XML，XSLT, CSS的相关知识。&&6 、掌握数据库的相关知识，熟悉SQLSERVER及ORACLE，具备SQL、触发器、函数、存储过程的编写能力。&&7、具有一定的文档编写能力，了解UML。&&8、熟悉基本网络设置，能够应用多种操作系统（WINDOWS,LINUX等），熟悉RESIN,TOMCAT等中间件的使用。&&薪酬福利：&&1、提供有竞争力的薪资，执行相对公平合理的绩效政策和薪酬结构；&&2、其他福利：美味三餐、各种补贴、生日和节日福利、年休、优秀员工出国旅游等；&&3、作息时间：每天八小时工作制（9:00-18:00，午休1小时），双休+国家法定节假日+带薪假期。&&在泛微：&&我们比创业者团队多一份专业与自信&&我们比职业经理人多一份执着与热忱&&你的激情，我们弥足珍贵；&&你的创新，我们倍感珍惜；&&你对我们的价值远远不止技术，更希望你能成为我们产品的灵魂工程师，成为我们用户习惯的引导者，成为充满代码艺术幻想的实践者；&&每天，平均有5家以上的企业启用泛微的协同办公产品；&&每周，平均有9家以上使用泛微协同办公产品的客户顺利验收；&&每月，至少推出1个新的产品功能，建立客户导向的卓越技术品管体系；&&每年，保持业绩增长势头，全力实现我们的规划目标。&&泛微，对客户、对服务、对技术、对产品、对员工、对所有的一切，始终坚持实事求是，用数字说话。&&泛微现在最需要的是与你一起智创未来！即刻加入泛微，让我们携手书写OA的历史！&&"
java,上海,壹米滴答IT中心招聘,15k-30k,全职,大专及以上,经验5-10年,高级;前端开发;web前端;Java;,上海壹米滴答供应链管理有限公司,"企业服务,其他",B轮,普洛斯、源码资本、险峰长青(A轮)，鼎晖投资领投，普洛斯、源码资本、险峰长青、拓锋投资、GVC(B轮)，凯辉基金领投， A轮投资方源码资本、普洛斯、险峰长青(A轮),http://www.yimidida.com,"新机遇,新挑战,弹性工作制,帅哥美女多","岗位描述：&&1）负责公司相关平台的前端UI与交互开发，前端技术可行性评估，确保在不同平台、设备、浏览器上均拥有优质的用户体验；&&2）负责前端性能优化，实现极致的Web加载、执行和渲染时间；&&3）参与design & code review，指导组内工程师，负责基于框架的模块抽象开发；&&4）负责制定前端Code规范 (HTML/CSS规范、JavaScript规范、Web组件规范)，能够和产品及UED团队一起制定产品的设计规范和JS开发框架建设工作；&&任职要求：&&1) 大专以上，计算机等相关专业，有五年以上前端开发经验；熟悉精通W3C标准及规范、 HTML5、CSS3、JavaScript、Ajax等Web前端开发新技术，能够快速解决各个浏览器的兼容问题；&&2) 能保证js代码的浏览器兼容性， 熟悉原生javascript， 熟悉AngularJS，jQuery、zepto,bootstrap等框架，精通某一框架，并且对于建立自已js框架有自己的想法优先；&&3) 熟悉Web前端MVC架构和各种层次分离结构，较好的代码习惯，结构语义良好清晰，命名规范，逻辑性强，代码冗余率低，对规划整站模块，html、css、image模块化布局设计工作经验者优先；&&4）能对前端进行性能调优，熟练运用前端开发工具，深刻理解HTTP协议，快速理解业务，熟悉新技术，热爱编码，追求极致。&&5) 有微信及移动开发经验，对后台开发工具及语言有大致的了解。&&"
JAVA开发工程师,北京,好未来集团总部招聘,20k-40k,全职,本科及以上,经验3-5年,Java;大数据;C++;,北京世纪好未来教育科技有限公司,"移动互联网,教育",上市公司,2000人以上,http://www.100tal.com/,"上市公司,大牛团队,晋升空间大,弹性工作制",岗位职责：&&1、 根据需求和总体设计对服务器端核心模块与逻辑设计及实现&&2、 代码测试与维护&&3、 相关产品的需求分析，部分模块实现、优化及文档编写等工作&&4、 参与技术的跟踪调研和产品创新&&岗位要求：&&1、深刻理解计算机数据结构和算法设计，精通Java语言&&2、熟练掌握多线程并发、同步互斥等原理，能够熟练应用线程池、多线程锁等进行多线程编程&&3、了解Windows、Unix、Linux等主流操作系统原理，熟练运用系统层支持应用开发&&4、熟悉TCP/IP和Socket编程&&5、熟悉一种或多种脚本语言&&6、优秀的分析问题和解决问题的能力，勇于解决难题&&7、强烈的上进心和求知欲，较强的学习能力和沟通能力，具备良好的团队合作精神&&
Java工程师,上海,大钱信息研发部招聘,13k-18k,全职,本科及以上,经验3-5年,MySQL;支付;j2ee;大数据;Java;架构;,上海大钱信息技术有限公司,移动互联网,A轮,春山浦江(A轮),http://www.aemoney.com,"五险一金,团队活动,移动互联网,扁平化管理","岗位职责&&1. 参与支付平台的相关开发，代码编写和技术文档编写等；&&2. 根据需求，完成应用模块的分析、设计；&&3. 独立完成应用的开发任务，并优化系统程序；&&任职要求&&1. 计算机相关专业本科及以上学历，至少3年以上java开发工作经验，有springboot经验优先；&&3. 精通Java语言，对Java开源框架如spring,struts，mybatis,quartz等有应用和优化经验；&&4. 熟悉JAVA EE规范，精通面向对象分析和设计技术，包括UML建模、设计模式等，并有丰富的实践经验；&&5. 熟悉数据库（MySQL，Oracle）使用，设计，调优；&&6. 熟悉WEB相关标准（HTML、CSS、JS、HTTP）；&&7. 有大数据量、高并发系统和大型网站构建经验者优先。&&"
Java开发,上海,有鱼金融科技技术部招聘,15k-28k,全职,本科及以上,经验3-5年,Java;,上海彩亿信息技术有限公司,"移动互联网,金融",B轮,华兴、同创、上海文化产业基金、如山资本(A轮),http://www.youyuwo.com/,无限发挥空间，快来跟牛逼的团队一起战斗！,"1、参与或负责公司网站项目和产品的开发；&&2、与市场，开发，测试团队合作完成整个网站项目和产品开发周期；&&3、编写及维护软件功能规格说明书，设计及开发过程中产生的系列文档；&&4、系统架构设计和核心代码的编写；&&5、技术难点的功关，解决项目中遇到的技术难题；&&6、对外技术合作的沟通、接口的设计和主要代码的实现；&&7、完成领导安排的其他工作。&&任职资格：&&1. 计算机或相关专业本科以上学历；&&2. 3年以上的J2EE开发工作经验；精通面向对象设计思想，具有扎实的Java编程功底和良好的编码规范&&3. 精通项目开发过程中的各个阶段的任务及其输出物&&4. 精通Struts,spring,hibernate,ibatis,mina等常用框架&&5. 熟悉Tomcat、Jboss、nginx、apache等多种应用和WEB服务器的配置&&6. 有丰富的数据库设计经验，精通sql语言，并熟悉Oracle、Mysql数据库系统&&7. 对系统架构设计有一定的理解，熟练HTML语言、JavaScript脚本语言、XML语言 ，了解当前流行的javascript开源框架。&&8. 工作主动性强，耐心细致，有责任心；身体健康，能承受一定压力，有良好的沟通能力与团队合作精神。&&"
Java研发工程师,杭州,华卓科技研发部招聘,15k-25k,全职,本科及以上,经验3-5年,高级;Java;web;分布式;J2EE;springboot;,杭州华卓信息科技有限公司,"企业服务,数据服务",不需要融资,150-500人,http://www.wowjoy.cn/,"微服务,分布式,医疗信息化",岗位职责：&&1、从事Java Web 项目研发；&&2、参与公司新项目的研发和需求分析、设计和编写技术文档；&&3、解决项目研发过程中遇到的实际问题。&&任职要求：&&1、具备扎实的Java技术基础，精通集合、多线程、NIO等相关技术；&&2、精通Spring、Spring MVC、Mybatis等框架，了解其实现和原理；&&3、熟练使用MySQL、Oracle数据库；&&4、熟悉springcloud、Dubbo等分布式服务框架，有实际项目经验；&&5、熟悉Redis、Memcached或Ehcache等缓存系统，有实际开发经验；&&6、熟悉消息队列，理解RabbitMQ或ActiveMQ的原理和实现，有实际开发经验；&&7、熟悉JavaScript、jQuery等相关技术；&&8、具备较强的沟通能力以及团队协作精神。&&加入我们，您能拥有：――在有着Facebook一样企业文化的团队工作；――市场上极具竞争力的薪酬体系，让您可以为了理想而奋斗；――完善的假期组合：双休、带薪年假，法定假期，工作时间:9:00-18:00，您能很好的平衡生活和工作，带着快乐的心情工作；――优厚的福利体系：五险一金、节假日福利(春节、端午节、中秋节、3.8女人节、生日等)、定期体检、定期聚会、旅游等等，各种福利，您心动吗？――每位新员工都有一对一的导师带领和培养；――良好的晋升机会：内部转职（横向发展）、纵向提升，为您开启宽阔的职业发展空间。&&
Java,杭州,达西科技技术部招聘,15k-30k,全职,本科及以上,经验3-5年,Java;,杭州达西科技有限公司,电子商务,不需要融资,50-150人,http://www.topchitu.com,技术挑战大 工作氛围好 弹性工作制,职位职责&&项目架构与实现；&&设计评审与代码评审；&&带领团队，提升团队的整体能力&&职位要求&&3年以上 Java 、J2EE项目经验；&&MySQL 查询优化经验；&&熟练使用 MySQL 锁、事务；&&算法与数据结构；&&Java 并发编程，线程池，并发库；&&良好的分析问题和解决问题的能力&&个人素质&&工作认真、踏实，责任心强，有团队协作精神&&
Java开发工程师,南京,Trusfort芯盾时代研发部招聘,15k-25k,全职,本科及以上,经验3-5年,银行;软件开发;Java;,北京芯盾时代科技有限公司,"移动互联网,信息安全",B轮,红点等(天使轮),http://www.trusfort.com,"五险一金,工作居住证,带薪年假,员工旅游","工作职责：&&1、 参与核心系统的开发技术支持工作&&2、 负责系统在客户侧的实施部署和上线支持工作&&3、 快速实现功能并保证代码质量&&4、 保障系统稳定运行&&任职资格：&&1、3年以上使用J2EE开发经验，JAVA基础扎实，理解IO、多线程、基础框架，对JVM原理有一定的了解&&2、熟悉Spring、SpringMVC、MyBatis服务框架等、了解其原理和实现机制&&3、熟悉SQL、了解Mysql/Oracle/DB2等数据库，了解Redis/Memcache等NoSQL数据库&&4、熟悉Linux操作系统常用命令,熟悉tomcat、weblogic、websphere等web中间件&&5、思路清晰、善于思考、能独立分析和解决问题&&6、熟悉软件工程、编程规范、有过程控制意识，有敏捷开发经验者优先&&7、善于学习和与人沟通，为人正直、诚信，有较强的事业心，具有分析、解决应用问题的能力&&8、具有良好的系统分析、架构设计能力，熟悉软件系统分析/设计的方法论，并有丰富的实践经验&&9、具有深厚算法及数据结构知识优先&&10、具有互联网金融、软件安全背景者优先&&11、有银行业务系统开发经验者优先&&12、需出差，非长期，从POC部署至系统上线，1月左右，周末可回。&&"
Java开发工程师,上海,江苏亿科达海万信息科技招聘,10k-15k,全职,本科及以上,经验3-5年,Java;MySQL;PostgreSQL;redis;,上海海万信息科技股份有限公司,"移动互联网,金融",不需要融资,500-2000人,http://www.hiiso.com,"五险一金,年终奖,体检旅游,过节费",工作职责：&&1、独立分析以及带领他人完成业务需求的技术方案设计与实施；&&2、负责系统后台基础服务功能的设计与开发；&&3、分析定位以及解决日常工作中遇到的系统问题；&&4、技术研究与学习，可以为团队系统架构提出建设性意见以及优化方案。&&应聘要求：&&1、学位、专业；本科以上学历，计算机专业优先&&2、工作经验：3年以上工作经验&&3、专业技能：熟悉J2EE架构，熟练运用spring，mybatis等主流开发架构；有数据库设计相关经验，熟练应用主流关系型如oralce、mysql，对Redis、Memcache等缓存数据库以及MongoDb、Hbase有一定的了解；了解分布式及高可靠架构，了解常用消息中间（ActiveMQ，RabbitMQ等），服务框架（如dubbo等），对微服务有一定了解与应用；热爱工作，热爱专研业界相关主流技术。&&4、基本能力；有较强的沟通和理解能力，责任心强.&&
JAVA开发工程师,厦门,咪咕次元事业部招聘,15k-30k,全职,本科及以上,经验3-5年,资深;高级;后端开发;信息安全;Java;,咪咕文化科技有限公司,"移动互联网,文化娱乐",不需要融资,2000人以上,http://www.migu.cn/,"高薪,高福利,高颜值","岗位职责：&&1.负责软件需求设计、详细设计、编码、单元测试等开发活动；&&2.界定软件系统的工作范围、潜在风险、所需资源、工作计划、任务列表、里程碑等项目管理工作；&&3.组织相关产品/组件的开发和测试工作，保证代码的高质量、稳定性与高性能；&&4.技术难点的攻克,负责核心代码的开发；&&5.负责相关产品/组件的代码安全，合理分配代码操作权限；&&6.负责自身团队的各种培训、技术指导；&&7.跟踪相关技术领域和业务领域的发展趋势，保持在业界的领先水平。&&任职资格：&&1.熟练掌握java编程语言，具备良好的编码、文档撰写能力&&2.具备较强的软件框架及数据库设计能力&&3.熟悉网络通信的基本原理&&4.熟练掌握java常用开源框架，熟悉常用前端js框架&&5.熟练掌握oracle数据库，熟练掌握redis&&6.熟悉运用开发管理工具，提升开发工作的质量和效率，规避系统开发执行过程中的潜在风险，注重代码质量,确保系统开发产出的按时提交&&7.有内容同步设计经验、app服务架构经验优先，有良好开源作品优先&&8.全日制本科及以上学历，计算机、电子、软件、通讯相关专业毕业&&"
JAVA研发,上海,泛微招聘,12k-15k,全职,本科及以上,经验1-3年,全栈;Java;,上海泛微网络科技股份有限公司,"移动互联网,企业服务",上市公司,2000人以上,http://www.weaver.com.cn,免费三餐、半年调薪 、国外旅游、环境nice,1、后台部分的开发与设计&&2、后台数据库的设计及维护&&岗位要求：&&1、2年以上开发经验&&2、熟悉基于Struts和Ibatis或者Hibernate的J2EE应用平台架构，熟练使用Spring等框架&&3、熟悉Oracle、MySql等数据库&&4、有银行、基金、证券、保险等金融业软件开发维护经验优先，有服务器和数据库优化经验者优先。&&5、有强烈的责任心，优秀的表达能力及沟通能力；&&6、熟悉软件技术文档的编写，具备良好的文档编制习惯和规范的代码书写&&7、有较强的学习和理解能力，思路清晰，善于思考，能独立分析和解决问题；&&【你关心的，我们懂】&&网传程序猿是高危行业，来泛微，不必担心！程序猿要高薪，更要健康！！&&薪资待遇――让你愉快的买买买，有钱，就是这么任性！&&精美三餐――拒绝千篇一律的快餐盒饭，拒绝新鲜打折的自带便当，拒绝街边小店的卫生堪忧，一日三餐营养均衡，我们比千里之外的双亲更能关怀到你的健康。&&每年至少一次国内外畅游――除了风情新马泰，时尚欧美灵魂尼泊尔浪漫马代都在我们的Plan A中。&&员工关怀活动――他们都在意你飞得高不高，而我们在乎的，是你飞得累不累。&&梦想――人要是没有梦想，那和咸鱼有什么分别！携手同样有梦想的你走这一程，让我们离梦想更近一步。&&价值――拥有你，就像拥有一座潜力无限的金矿，你的过往价值我们如获至宝，你的未来价值我们拭目以待。&&专业――十三年孜孜不倦，十三年持续专注，行业内知名专家团队，头脑风暴活学活用。&&千里马常有，伯乐不常有。我们有颗做伯乐的心，欢迎更多的千里马来加入！&&如果你年轻肯努力，敢想敢拼，希望不断进步；&&如果你想享受积极的工作氛围，激情的团队合作和多多的公司福利；&&如果你了解泛微，了解OA，有管理软件项目相关工作经验；&&请随时联系我们，泛微永远欢迎你！&&薪酬福利：&&1、提供有竞争力的薪资，执行相对公平合理的绩效政策和薪酬结构；&&2、其他福利：美味三餐、各种补贴、生日和节日福利、年休、优秀员工出国旅游等；&&3、作息时间：每天八小时工作制（9:00-18:00，午休1小时），双休+国家法定节假日。&&我们的诚意：&&-免费提供一日三餐，独立员工食堂，专业大厨亲自掌勺，保证膳食均衡；&&-转正既有年假，每年两次加薪机会，年终Bonus，那是必须的！&&-每月绩效奖金+研发奖金，用工资条上的数字体现你的技术和实力；&&-和你的付出相符的薪水；&&-每年一次国内旅游，优秀员工国外旅游，去年塞班岛，今年巴厘岛；&&-每年一次全面体检，关爱你的健康；&&-员工活动室（乒乓球、桌球），篮球场、浦东羽毛球馆常年场地，均免费；&&-安全舒适人体工学椅，时刻保护你的肩颈和腰椎；&&-每月至少一次团建，餐后水果，零食茶点免费供应；&&
Java,青岛,北京盛安德青岛分公司招聘,10k-15k,全职,本科及以上,经验3-5年,Java;MySQL;,北京盛安德科技发展有限公司,"移动互联网,企业服务",不需要融资,150-500人,http://www.shinetechchina...,弹性工作不打卡；专业开发团队；,"1) 4年以上java开发经验；&&2) 扎实的JAVA语言基础，熟悉开源框架(Spring, Hibernate)；&&3) 熟悉MySQL数据库，MongoDB数据库, 熟悉linux环境；&&4) 熟悉Webservice；&&5) 熟练的英文读写能力，四级以上或同等水平；口语能力者优先；&&6) 了解敏捷开发, 热爱开发工作，技术钻研；&&7) 熟悉 Amazon AWS, elasticsearch者优先；&&8) 技术及英文能力强者薪资可更高；&&"
Java开发工程师,上海,小狗在家招聘,10k-20k,全职,大专及以上,经验3-5年,高级;中级;web;信息安全;Java;,上海乙豆信息科技有限公司,"移动互联网,O2O",A轮,坚果资本(A轮),http://www.viptail.com,股权期权、可带宠物上班、团队好,职位描述：&&1.与研发经理、产品经理、架构师等人员讨论产品方向；&&2.参与公司产品的架构优化，性能优化并辅助其他模块进行技术实现；&&3.掌握需求内容，积极响应客户需求并进行开发/定制化开发和交付，并能够评估开发工作量；&&4.在项目时间内，按照需求与前端开发工程师协同完成后端设计、开发工作；&&5.协助测试完成测试工作，包括部署、修改BUG等；&&6.系统上线部署，并在线上运行期间做好系统运维工作，时刻关注性能、网络安全、扩展性。&&岗位要求:&&1.具有3年以上Java开发经验，掌握JSDK，J2EE的相关知识，java 基础扎实，熟悉分布式研发，熟悉j2ee及主流开源架构。数据库基础扎实；具有较强的业务应用系统设计能力；沟通良好，抗压能力强；学习能力强；&&2.熟练掌握面向对象、MVC、模块化编程思想；&&3.精通Spring、Mybatis、Velocity、Redis/Memcached、Mysql等技术，掌握一定前端技术（Javascript/CSS）开发；&&4.熟悉高并发、分布式、高负载、缓存方面的技术，具有一定相关开发经验；&&5.了解移动端、交易、用户、商品系统者优先。&&6.有社区，电商类产品开发经验优先。&&各位童鞋请注意，我们是一家创业公司，需要招募的是创业的小伙伴，如果只想拿一份工资，朝九晚五，我们很不适合你，如果想要做一番事业，这里有大把的机会等着你，爱拼你就来。&&
Java开发工程师,杭州,远传技术创新业务事业部招聘,10k-20k,全职,本科及以上,经验5-10年,高级;后端开发;Java;架构;,浙江远传信息技术股份有限公司,移动互联网,上市公司,浙江远传成功挂牌新三板，打造客户行业龙头，股票代码834841(上市公司),http://www.utry.cn,"五险一金,餐补,年终奖金,定期体检",工作职责：&&1.理解业务，并进行需求评估、拆解和系统设计；&&2.技术框架、核心组件等关键代码的编写；&&3.攻克技术难关，保障平台的高性能和稳定性。&&任职资格：&&1.有5年以上JAVA 开发工作经验，热爱软件开发；&&2.经历过初创型互联网项目或团队，有众包平台实际工作经历优先；&&3.对产品的开发管控有一定程度掌握；&&4.有项目开发小组团队管理经验者优先；&&5.对新事务的探究具有强烈好奇心，能适应较大的工作压力，具备良好的团队精神和敬业精神；&&6.工作地点滨江与城北皆可。&&
Java开发工程师,郑州,文思海辉BG1招聘,10k-15k,全职,学历不限,经验3-5年,高级;Java;web;js;JavaScript;,文思海辉技术有限公司,"移动互联网,数据服务",上市公司,2000人以上,http://www.pactera.com,"六险一金,弹性工作制",1、3年以上Java开发经验，对Java语言和面向对象技术有扎实的功底；2、熟悉Java Web应用开发，有主流开发框架spring、mybatis、osgi、freemarker使用经验；3、熟悉html、javascript、css等前端技术，有JQuery、Bootstrap、echarts、highcharts、Vue等前端框架使用经验；4、熟悉oracle、postgesql、mysql等常用数据库，有扎实的sql语言功底；5、具备良好的编程习惯，有文档写作、程序设计的能力；6、要求能够适应短期出差的工作性质&&
Java开发,上海,上海傲梦网络科技有限公司技术部招聘,15k-25k,全职,本科及以上,经验3-5年,Java;,上海傲梦网络科技有限公司,教育,A轮,50-150人,http://www.all-dream.com,弹性工作,"岗位职责：1、使用JAVA语言开发公司产品2、负责公司现有网页端产品的开发和优化3、为公司的网页端产品解决方案提供技术支持4、提供高质量的代码及完整的结构化文档5、保持和产品经理、技术经理的紧密合作，根据他们的需求提供解决方案岗位要求：1、3-5年以上工作经验2、精通spring mvc ,hibernate或mybatis等后端框架3、熟悉MySQL等常规数据库，能熟练编写存储过程、触发器，并能根据要求做性能优化；4、熟练运用Servlet/JSP/, html/html5/JS/CSS/AJAX等前端开发工作；&&5、熟悉linux脚本操作；&&6、有很强的学习能力，善于分析思考问题；有规范化、标准化的代码编写习惯和良好的技术文档习惯；7、有主动性和上进心，能承担压力，耐心细致，有责任心；既具有团队合作精神， 也具备独立作战能力，能适应创业公司的企业文化和工作氛围。&&"
Java开发工程师,北京,美团点评技术架构部招聘,20k-40k,全职,本科及以上,经验3-5年,Java;架构;,北京三快在线科技有限公司,"移动互联网,O2O",D轮及以上,2000人以上,http://www.meituan.com,技术大牛；免费班车,"美团外卖是美团O2O战略的重要支柱之一，我们的使命是“把世界送到消费者手中”。美团外卖用三年的时间日单量突破700万，居外卖行业第一，在这个过程中，技术团队扮演了一个至关重要的角色，为支撑业务发展打下了坚实的基础。同时 ，外卖行业还处在很早期，业务飞速发展、用户不断增多、产品持续迭代、技术尚不成熟。我们需要更多优秀的人才加入，一起打造强大的跨品类的O2O平台。【岗位职责】：1. 研发基础的服务、开发标准代码框架和代码库，提升业务团队的开发效率和开发质量。2. 根据业务发展需要，进行中间件服务的技术方案选型和设计，保障服务在高并发环境下的性能和稳定性。&&【任职要求】：1. 扎实的计算机专业基本功，强大的写码能力，3年及以上工作经验。2. 精通Java语言，jvm调优，multi-threading, nio, classloader, rpc等。3. 有丰富的Java搜索开发经验，如Lucene，ElasticSearch，Solr等。4. 擅长使用开源框架，熟悉某个领域内对开源框架，做过选型研究，解读过源码，掌握实现原理。5. 熟悉消息中间件，RPC框架，数据层，搜索，性能优化等相关技术经验者优先。6. 有互联网高并发相关经验者优先。7. 敏捷沟通、善于总结、思考、能够在实践中不断学习。&&"
JAVA开发工程师,上海,陪你练研发部招聘,15k-30k,全职,本科及以上,经验3-5年,Java;springboot;Git;,上海妙克信息科技有限公司,"移动互联网,教育",A轮,金沙江(A轮),http://www.pnlyy.com,弹性工作,"职位描述：&&1、 负责公司后端基础服务的工程设计，业务平台系统框架设计和核心功能设计以及开发工作&&2、负责系统核心功能设计与相关文档的编写，解决创新研发过程中的关键问题和技术难点&&3、深入理解业务需求，持续的优化系统性能以及重构系统&&4、有SOA、微服务的架构设计和实际项目经验的优先&&5、有一定的团队组织和协作能力，有带团队经验的优先&&岗位要求：&&1、7年以上Java开发，5年以上架构设计经验，计算机、信息管理等相关专业&&2、熟悉主流技术架构体系、搜索、异步框架、集群与负载均衡，消息中间件等技术&&3、扎实的Java编程技巧, 精通Spring，MyBatis等框架，能进行通用底层框架的设计开发&&4、有大型互联网系统架构设计工作经验的优先&&5、工作态度严谨，有良好的团队合作精神和强烈责任，较强的沟通能力及学习抗压能力；&&"
Java开发工程师,北京,Trusfort芯盾时代研发部招聘,15k-25k,全职,本科及以上,经验3-5年,银行;Java;,北京芯盾时代科技有限公司,"移动互联网,信息安全",B轮,红点等(天使轮),http://www.trusfort.com,"五险一金,餐费补助,丰富的零食,节日福利",工作职责：&&1、 参与核心系统的开发技术支持工作&&2、 负责系统在客户侧的实施部署和上线支持工作&&2、 快速实现功能并保证代码质量&&3、 保障系统稳定运行&&任职资格：&&1、3年以上使用J2EE开发经验，JAVA基础扎实，理解IO、多线程、基础框架，对JVM原理有一定的了解&&2、熟悉Spring、Struts、MyBatis服务框架等、了解其原理和实现机制&&3、熟悉SQL、了解Mysql等数据库，了解Redis等NoSQL数据库&&4、熟悉Linux操作系统常用命令&&5、思路清晰、善于思考、能独立分析和解决问题&&6、熟悉软件工程、编程规范、有过程控制意识，有敏捷开发经验者优先&&7、善于学习和与人沟通，为人正直、诚信，有较强的事业心，具有分析、解决应用问题的能力&&8、具有良好的系统分析、架构设计能力，熟悉软件系统分析/设计的方法论，并有丰富的实践经验&&9、具有深厚算法及数据结构知识优先&&10、具有互联网金融、软件安全背景者优先&&11、有银行业务系统开发经验者优先&&12、需出差，非长期，从POC部署至系统上线，1月左右，周末可回。&&
Java开发工程师,上海,同程旅游招聘,15k-25k,全职,本科及以上,经验5-10年,Java;金融;SOA;架构;,同程网络科技股份有限公司,"旅游,电子商务",D轮及以上,万达、腾讯、中信(D轮及以上)，腾讯、博裕、元禾(B轮)，携程(C轮),http://www.LY.com,免费下午茶、发展前景好、互联网金融,岗位职责：&&1.参加公司金融平台项目的设计、并负责完成代码研发；&&2.负责编写核心模块概要设计、详细设计等技术文档；&&3.参与产品中业务功能接口协议和核心模块的设计，解决项目中的关键问题和技术难题；&&4.据开发规范与流程独立完成模块的设计、编码、测试以及相关文档；&&5.与软件需求与设计审核和代码检查;&&任职要求：&&1.充满激情、对金融平台业务感兴趣，团队意识强&&2.学历要求：大专以上，全日制重点本科及以上学历优先&&3.对于高并发、大访问量，尤其是亿级访问量的系统，有动手解决问题的能力&&4.学习能力强，能够快速接受学习新兴技术。&&5.对高并发、多线程、容器、缓存等技术和业务场景有实际操作经验；&&6.至少属于一门语言，JAVA基础扎实者优先，对于中间件、分布式框架等原理有一定理解&&7.能针对具体平台出现的问题，提出方案并实施解决&&熟悉操作系统，熟悉Linux下的常用操作，熟悉MySQL、Redis等开源数据库&&8.熟悉互联网产品架构，有大型分布式、高并发、高负载、高可用性系统设计开发经验者优先&&
java工程师,上海,爱回收IT部招聘,15k-25k,全职,本科及以上,经验3-5年,高级;Java;MySQL;,上海悦易网络信息技术有限公司,"电子商务,O2O",D轮及以上,凯辉基金、达晨创投、京东、天图资本、晨兴创投、前海母基金(D轮及以上)，京东，晨兴资本，世界银行，天图资本(C轮)，晨兴创投(天使轮)，晨星创投(A轮)，IFC(B轮),http://www.aihuishou.com,"薪资丰厚,期权激励,年终奖,D轮公司","岗位职责:&&1、 负责爱回收核心服务的需求分析、设计、开发工作&&2、 负责相关技术文档编写工作&&3、 解决系统中的关键问题和技术难题&&任职资格:&&1. 计算机或软件相关专业，本科以上学历；&&2. 扎实的Java编程基础，熟悉面向对象设计及开发；&&3. 熟练使用Eclipse等开发工具, 熟悉Maven、Git代码管理，有多分支并行开发经验；&&4. 熟悉使用Linux基本命令，有Linux环境Docker部署维护经验；熟练使用Tomcat，Jetty等应用服务器；&&5. 熟练使用Jersey,Spring,Mybatis等主流框架,了解缓存、消息队列的使用；&&6. 熟悉使用Mysql，SqlServer数据库，掌握sql开发；熟悉并实际应用redis，mongodb等非关系型数据库&&7. 具有良好的编程规范，具有一定的架构及技术优化能力，有过高并发大型互联网项目经验优先；&&8. 具有较强的逻辑思维和分析能力和团队合作能力，具备优良的学习能力与创新精神；&&"
Java工程师,北京,北京捷越联合招聘,15k-20k,全职,大专及以上,经验3-5年,Java;MySQL;金融;web;j2ee;,北京捷越联合信息咨询有限公司,金融,不需要融资,2000人以上,http://www.jieyuechina.com,五险一金地铁周边,"岗位职责&&1、参与互联网金融系统设计方面的工作，项目概要设计、详细设计、开发计划等的编制并实施；&&2、负责编写核心代码实现产品功能模块；&&3、进行单元测试和代码调优；&&4、负责解决开发过程中的技术问题；&&5、支持业务人员的需求，提出相应的解决方案并实现；&&6、根据部门主管的分工完成各项程序的开发工作；&&任职要求：&&1、3年以上Java开发经验；&&2、Java基础扎实，具备良好面向对象设计能力和优良的编码习惯，重视代码质量，理解常用的设计模式；&&3、熟练基于J2EE的相关开源技术以及框架（Spring,SpringMvc,MyBatis）；&&4、熟练使用Junit编写测试代码，Maven代码管理工具；&&5、熟悉HTML, JavaScript, XML/XSL, Ajax，Jquery等页面脚本语言技术；&&6、熟练使用Oracle/MySQL数据库，熟练编写复杂SQL；&&7、熟悉Linux环境以及简单操作，SVN的使用，熟悉Tomcat，Apache等开源的服务器；&&"
Java开发工程师,杭州,浙江执御信息技术有限公司技术招聘,15k-30k,全职,学历不限,经验3-5年,专家;资深;高级;中级;Java;架构;,浙江执御信息技术有限公司,"移动互联网,数据服务",B轮,富安娜(A轮),http://www.jollycorp.com,"技术大牛,晋升空间,年终奖金,旅游活动",资深Java开发工程师&&职位描述：&&1、负责公司后端业务支撑平台(订单中心、仓储中心、商家管理平台、商品中心等)的开发和设计工作；&&2、能够根据不同的业务需求，灵活快速地完成具有挑战性的项目；&&3、给予初级和中级软件工程师工作指导，对线上突发问题进行及时响应并解决；&&4、对研发和运营中疑难技术问题提供有效解决方法并主导实施。&&职位要求：&&1、3年以上的J2EE开发经验，熟练掌握Java语言；&&2、熟练掌握各种主流开源框架（Spring Mybatis）并对实现原理有深入的了解；&&3、熟练掌握主流应用服务器架构体系、数据库以及各种中间件技术；&&4、具备良好的系统分析能力与解决问题的能力；&&5、具备较强的沟通和学习能力，有团队和敬业精神&&
Java工程师,杭州,海拍客研发部招聘,10k-20k,全职,学历不限,经验3-5年,Java;,杭州洋驼网络科技有限公司,电子商务,B轮,顺为资本，远瞻资本(A轮),http://www.hipac.cn,阿里系创业团队，薪资待遇优厚，老板Nice~,1. 根据产品需求完成需求分析、设计及实现&&2. 制定开发计划完成日常的研发工作&&3. 协助解决线上各种问题&&4. 代码review及系统的梳理重构。&&岗位要求：&&1. 3年以上Java开发经验；Java基础扎实，熟悉互联网和web应用相关技术开发；&&2. 熟悉oop，设计模式，熟悉主流的开发框架；&&3. 熟悉MySql等数据库技术，熟悉存储引擎数据结构实现，对sql优化有一定的经验&&4. 具有高度的抽象设计能力，思路清晰，善于思考，能独立分析和解决问题；&&5. 对分布式架构有比较深刻的认识，熟悉业界常用的分布式开源框架。&&6. 有强烈的责任心和团队精神，善于沟通和合作；&&7. 有大型系统的设计、开发经验优先；&&8. 在某一领域有较深入的研究优先。&&
java,北京,一下集团招聘,15k-25k,全职,本科及以上,经验3-5年,Java;MySQL;redis;架构;,炫一下（北京）科技有限公司,移动互联网,D轮及以上,新浪微博、上海广播电视台、SMG、光控分众、微影时代、凤凰投资、尚A资本、乐逗、Axiom Asia(D轮及以上)，新浪、红点、晨兴资本(B轮)，晨兴资本(天使轮)，新浪微博、红杉资本、韩国YG、StarVC(D轮及以上)，凯鹏华盈、StarVC、新浪(C轮)，红点投资、晨兴资本(A轮),http://www.yixia.com,e轮融资5亿美金 高并发 用户量大,"岗位职责：1、负责公司相关项目的设计和开发（数据库设计、模块功能开发、与app端开发人员接口逻辑编写和对接）;2、负责公司已完成项目的后续部分维护工作;3、优化程序性能，提高程序执行效率;岗位要求：1、3年以上相关java工作经验2、精通java编程，对java多线程技术有较深理解，对高并发、分布式网络通信和jvm调优有深入研究和了解，有类似开发经验者优先3、 熟悉Spring、iBatis等开源框架，对spring、ibatis等有源码级的深入研究和理解，熟悉各种常用设计模式；4.、熟悉消息中间件，有kafka，RabbitMQ等消息系统应用开发经验，有源码级深入研究者优先5、熟悉dubbo，thrift等RPC服务化框架，能独立阅读相关rpc框架源码并有相关应用开发经验者优先6、熟练使用mysql，熟悉数据库设计模式，有相关sql调优、 性能优化经验，有分库分表及数据迁移经验者优先7.、熟悉多种NoSQL数据库，有Redis，memcached设计、开发、测试、维护和调优经验,有集群设计经验者优先8.、熟悉linux操作系统，能熟练使用vim ，awk等常见linux命令，有shell编程经验者优先9、熟悉海量数据离线分析、实时计算等相关技术，有hadoop,spark,storm，hbase等相关使用经验者优先10、喜欢钻研、有较强的学习能力和分享精神、团队合作能力等&&"
Java工程师,厦门,指纹科技技术部招聘,8k-16k,全职,本科及以上,经验3-5年,Java;,厦门指纹科技有限公司,电子商务,不需要融资,150-500人,http://www.hicustom.com,"Java,后端开发","岗位职责：&&1、从事大数据相关工作；&&2、不断优化技术实现，保障系统安全、可靠、高效运行；&&3、负责核心系统开发，不断优化系统，提升系统效率&&任职要求：&&1. 计算机及相关专业本科以上学历；&&2. 对JAVA体系有一定了解&&3. 熟练使用Spring、Spring MVC、MyBatis、JDBC等主流开源框架；&&4. 熟练并理解redis,memcache,solr,kafka等其中一种&&5.对负责功能能进行单元测试，集成测试；&&6. 掌握数据库的理论知识，熟练使用MySQL数据库&&7. 熟练操作linux系统（发布项目等）&&8. 对微服务有一定了解&&9. 具有良好的工作态度、沟通技巧和团队协作精神、喜欢研究技术&&公司福利：&&13薪、五险一金、带薪年假、Teambuilding、弹性上班、生日福利、下午茶、其他小惊喜~`~&&"
Java,上海,圆通信息中心招聘,15k-25k,全职,本科及以上,经验3-5年,高级;web;Java;物流;JavaScript;,圆通速递有限公司,"企业服务,数据服务",上市公司,2000人以上,http://www.yto.net.cn,上市公司，平台大，晋升空间广阔,我们的团队：&&我们是圆通，一个高速发展的快递业务背后的信息技术团队；&&-致力于开拓和发展国际、国内快递、物流市场。&&服务涵盖报关、报检、海运、空运进出口货物的运输服务；中转、国际国内的多式联运；分拨、仓储及特种运输等一系列的专业物流服务；并可以量身制定、策划物流方案。&&-我们现已成为一家集速递、航空、信息技术、电子商务、金融等业务为一体的大型企业。并形成了集团化、网络化、规模化、品牌化经营的新格局。&&加入圆通你将与最优秀的人共事，有大神坐镇，以及一帮不同背景的工程师大牛，可以相互学习最快成长~&&--------------------------------------------------------------------------&&你要做的事：&&1.根据产品开发规范，完成相关技术文档编写；&&2.参与需求分析，完成功能模块的设计、开发、单元测试、集成和发布；&&3.解决开发过程中遇到的技术问题，配合项目成员完成相关测试工作;&&理想候选人：&&1.3年及以上JAVA经验，熟悉Ajax、Html、Javascript、Web Service开发技术；&&2.熟练掌握Eclipse或其他集成开发环境，熟悉Linux开发环境；&&3.熟悉掌握Ajax/Html/Javascript Web应用开发；&&4.熟悉掌握几种主流开源框架比如SSH，mybatis，springMVC等及至少一种Java应用服务器如tomcat；&&5.熟悉并使用过Redis、MQ&&6.至少了解一种关系数据库，比如Oracle或Mysql；&&7.具有较强的分析能力和解决问题的能力；&&8.有良好的团队合作意识，耐心，诚恳，有强烈的责任心和积极主动的工作态度，有优秀的学习能力。&&
Java工程师,上海,乐言科技技术招聘,15k-30k,全职,本科及以上,经验1-3年,分布式;微服务;Java;,上海乐言信息科技有限公司,企业服务,A轮,50-150人,https://leyantech.com/,早期员工期权池；业界顶尖团队,工作职责：&&- 负责乐言后端核心业务和技术组件设计和实现&&- 负责微服务的设计和系统代码实现&&- 和AI工程师合作，整合和优化算法代码&&- 保证服务器端提供快速稳定的服务&&能力要求：&&- 擅长独立思考，能够独立的完成从系统设计，到开发，到部署，到持续迭代的开发流&&- 有深入的Java基础理论知识和实际开发能力&&- 有大型分布式、高并发、高负载、高可用系统设计、开发和调优经验&&- 了解后端的基础组件，如监控系统，部署系统，数据库，消息队列，RPC，负载均衡等&&- 有开源项目或为开源项目提交过patch者优先&&- 良好的沟通能力和团队协作精神，较强的主动性和责任心&&待遇：&&- 和精干的业界顶尖团队合作，团队包括前IBM、谷歌、微软、阿里、百度、携程研发人员&&- 快速增长中的人工智能企业软件产品，成长发展空间大&&- 有竞争力的薪水，早期期权&&- 交通便利，福利多多，带薪年假15天&&
Java,北京,北京戎超科技有限公司技术部招聘,15k-25k,全职,本科及以上,经验3-5年,Java;,北京戎超科技有限公司,"移动互联网,硬件",B轮,15-50人,http://www.ramnova.com,技术大牛+领导nice+岗位晋升空间大,技能要求：&&1.文档与设计能力：技术文档的编写及审阅，常用的设计模式；2.理解http/https，熟悉TCP/IP；3. java/groovy＋常用框架4. js：常用的js框架5.Web部署6.svn/git/Confluence／jira7. Linux环境开发能力&&其它要求：&&1.持续集成＋分发2.分布式开发&&3.掌握scala/Go／Nodejs／PHP／Grails&&css／Bootstrap／angular&&Linux能力&&4.熟悉TCP/IP&&5.具有移动开发经验者优先&&
Java开发工程师,北京,深思数盾深思云平台招聘,15k-25k,全职,本科及以上,经验3-5年,后端开发;Java;MySQL;后端;redis;,北京深思数盾科技股份有限公司,"信息安全,移动互联网",不需要融资,50-150人,http://www.sense.com,"高薪酬,福利好,发展空间大",非211/985计算机相关专业，勿扰&&岗位职责：&&深思云授权平台服务端开发。&&职位要求：&&1. 计算机相关专业本科及以上学历，3年以上Java开发经验（其中1年左右互联网产品开发经验）；&&2. 扎实的 Java 和 JVM 技术功底，在多线程、高并发程序开发方面有一定的经验；&&3. 熟练使用一种或多种数据库，具有较强的数据库设计能力，深入理解缓存技术；&&4. 热爱技术，对技术有不懈地追求。&&
Java开发工程师,杭州,汇金智融开发部门招聘,10k-13k,全职,本科及以上,经验3-5年,中级;Java;分布式;大数据;,汇金智融（北京）科技有限公司,"移动互联网,电子商务",上市公司,150-500人,http://www.freekingsoft.com,"五险一金,年终奖,加班费,大平台",1.良好的编码习惯，有扎实的JAVA基础，精通SpringMVC、SpringBoot；&&2.熟悉MySql、Redis、Python，有过实际编码经验；&&3.熟悉spark，hive等分布式大数据处理平台，有分布式系统开发经验；&&4.有机器学习人工智能实践经验者优先；&&5.至少两年以上开发工作经验，并参与过大型JAVA项目的设计、开发工作；&&6.工作责任心强，对技术有强烈的进取心，具有良好的沟通能力和团队合作精神、优秀的分析问题和解决问题的能力；&&
JAVA开发工程师,上海,泛微产品研发部招聘,10k-15k,全职,本科及以上,经验3-5年,Java;,上海泛微网络科技股份有限公司,"移动互联网,企业服务",上市公司,2000人以上,http://www.weaver.com.cn,有钱就是任性、包三餐解决技术后顾之忧,"职位描述：&&1、负责所属模块的发展建设，包含功能的规划、需求分析设计与技术实现；&&2、负责所属模块的代码开发、调试与维护工作，并及时支持响应客户的各类技术问题；&&3、负责根据客户需求对所属模块进行二次开发和交付；&&4、负责提升所属模块的用户体验；&&5、编制相关的各类技术文档，并对所属模块发展提供建议和策略；&&6、辅助其他模块进行技术实现和联调，并参与公司产品的架构优化，性能优化等；&&7、完成其他交办的其他各类技术开发任务；&&岗位要求：&&一、基本职业经历：&&1、计算机或者相关专业，统招全日制本科及以上学历。&&2、良好的问题理解能力，能够理解以及处理复杂逻辑。&&3、具备较强的自学能力，团队精神以及适合在高压力环境下工作。&&4、有管理软件开发经验者优先。&&二、专业技术能力&&1 、两年以上的Java开发应用经验，掌握JSDK，J2EE的相关知识，精通JAVA、JSP、SERVERLET编程，熟悉多线程编程，熟练掌握AJAX，jquery。&&2 、熟练掌握JAVASCRIPT脚本编写，了解XML，XSLT, CSS的相关知识。&&3 、掌握数据库的相关知识，熟悉SQLSERVER及ORACLE，具备SQL、触发器、函数、存储过程的编写能力。&&4、具有一定的文档编写能力，了解UML。&&5、熟悉基本网络设置，能够应用多种操作系统（WINDOWS,LINUX等），熟悉RESIN,TOMCAT等中间件的使用。&&"
JAVA工程师,北京,易快报研发部招聘,15k-30k,全职,本科及以上,经验3-5年,企业服务;Java;架构;,北京合思信息技术有限公司,"移动互联网,企业服务",A轮,DCM(A轮),http://www.ekuaibao.com,"福利好,期权激励,氛围好",岗位职责：&&1、依据需求设计业务模型，完成相关接口、数据结构、工程结构、部署方案的设计；&&2、指导1-3名初级程序员编写代码实现设计方案；&&3、审核代码并给出改进建议。&&任职要求：&&1、4年以上Java开发经验，统招本科及以上学历，计算机相关专业优先；&&2、扎实掌握计算机专业理论知识，如数据结构、计算机网络、操作系统、编译原理；&&3、熟练掌握JDK和Java基础知识，精通面向对象设计；&&4、有较强的逻辑思维能力，善于分析、归纳、解决问题；&&5、能够熟练使用MacOS、Linux、Git、Gradle、Docker、IntelliJ IDEA；&&6、使用过持续集成工具，如Jenkins/Travis CI/GitLab CI；&&7、了解报销、预算、财会等方面业务者优先；&&8、参与过分布式系统设计者优先；&&9、熟悉以下技术者优先：Jersey、Guice、GRPC、Elastic Search、Drill。&&
Java开发工程师,北京,京东商城京东商城招聘,15k-30k,全职,本科及以上,经验5-10年,Java;高级;大数据;智能导航;027750;,北京京东世纪贸易有限公司,电子商务,上市公司,2000人以上,http://www.jd.com,"免费班车,平台广阔",工作职责：1、负责部门内部系统设计、研发等工作；&&2、解决大数据量不断激增，海量服务调用面临的压力，满足业务需求；&&3、对有助于高可用性、高并发能力、高扩展性的解决方案的制定、跟踪、落地；&&4、负责项目的后期维护；&&5、上级分配的其他任务。&&任职资格:1.五年以上使用J2EE开发经验，能独立完成系统设计。JAVA基础扎实，对系统调优有丰富的经验；&&2.理解IO、多线程、状态机等基础框架，熟悉SpringMVC、Ibatis、SOA服务框架，了解设计原理；熟悉SQL，了解Mysql、Oracle等数据库；&&3.思路清晰、善于思考、能独立分析和解决问题；善于学习和与人沟通，乐于分享；&&4.熟悉软件工程、编程规范、有过程控制意识；熟悉ＰＭＰ或ＣＭＭＩ模型者优先；&&5.具有深厚算法及数据结构知识优先；&&6.有GIS工作背景或相关工作者优先；&&7.良好的学习能力、团队协作能力和沟通能力；善于思考，能独立分析和解决问题。&&
Java,上海,小站教育APP部招聘,15k-25k,全职,本科及以上,经验3-5年,专家;资深;高级;中级;Java;教育;,上海业霆网络科技有限公司,"移动互联网,教育",C轮,红杉资本、嘉御基金领投，B轮投资方跟投(C轮)，雷军旗下顺为资本、GGV纪源资本领投、麦顿资本、贝塔斯曼中国(B轮),http://www.zhan.com,"团队协作佳,平台发展好,福利待遇好,上升空间大","岗位职责：&&1、负责公司项目的研发、升级及维护；&&2、参与项目需求分析、技术调研，负责设计完成需求规格、软件架构、测试策略，撰写相关的技术文档；&&3、搭建研发环境，完成系统中相关软件模块的编码、调试、单元测试、功能验证，保证项目进度和产品质量；&&4、协助完成项目的系统集成测试、版本交付等工作，对项目实施和维护提供支持。&&岗位要求：&&1、3年以上Java开发工作经验，本科及以上学历，计算机相关专业（985、211学校优先考虑）；&&2、精通SSH等JAVA开源框架，有EJB开发经验；&&3、熟悉Jboss，Tomcat等服务的部署、配置和优化 ；&&4、熟悉MYSQL数据库，具有数据库设计和编程经验；&&5、熟悉使用svn，git等版本管理工具；&&6、熟悉SOAP&REST Web Service及其设计规范；&&7、熟悉大型项目的版本管理及分支管理；&&8、了解持续集成及持续部署的概念及常用框架；&&9、了解NoSQL类数据库及其应用；&&10、有参与开源项目的经验或能提供自己的Github者优先；&&11、有大规模Web项目的开发经验者优先；&&12、有PHP,ANDROID,IOS一项或多项经验者优先。&&13、有大型互联网公司经验、教育行业工作经验的优先考虑&&"
Java开发工程师,厦门,准动网络科技研发部招聘,10k-20k,全职,本科及以上,经验3-5年,资深;MySQL;支付;软件开发;企业软件;SAAS;,准动网络科技(厦门)有限公司,"移动互联网,企业服务",A轮,150-500人,http://www.pospal.cn/,"精英团队,技术牛人,人工智能,数据挖掘",岗位职责：&&负责公司核心产品研发、支付方式对接，亿万级数据挖掘。&&岗位要求：&&1.计算机相关专业，3年以上Java开发，对互联网行业有强烈的热情；&&2.熟悉常用MVC、ORM框架，熟练使用Spring、Spring MVC、Hibernate；&&3.熟练使用MySQL进行应用开发，熟悉数据库原理以及常用性能优化技术；&&4.熟悉Maven、Gradle等构建工具中的一种； .熟悉Linux日常工作环境，掌握常用命令；&&5.良好的沟通能力，喜欢专研，有责任心、热爱技术，有想法。&&在这里你能：&&1、与来自华为，阿里，硅谷的技术牛人一起探索最前沿科技。&&2、享受员工食堂免费提供好吃的中餐晚餐。&&3、Nice老板 Nice团队，自由开放的发展个人平台，我们不打卡只会更自觉，最酷的是高层全海景5A级办公环境。&&我们心怀美好愿景，旨在改变线下消费体验；&&我们充满激情，总能给团队、客户和市场惊喜；&&我们处在行业最前沿；&&我们引领行业趋势。&&
