positionName,company,salary,city,time,url
高级java开发工程师/专家/高级专家,蚂蚁金服集团,20k-40k,成都・高新区,2017-10-30,https://www.lagou.com/jobs/3761654.html
Java开发工程师,拉勾网,15k-30k,北京・苏州街,2天前发布,https://www.lagou.com/jobs/3457062.html
JAVA,曙奇互娱,13k-25k,上海・田林,3天前发布,https://www.lagou.com/jobs/3321808.html
Java开发,泛微,12k-16k,上海・浦江,2天前发布,https://www.lagou.com/jobs/2497050.html
Java开发工程师,链家上海研发中心,15k-23k,上海・吴江路,2天前发布,https://www.lagou.com/jobs/490303.html
JAVA开发工程师,苏宁云商,10k-20k,南京・玄武区,09:15发布,https://www.lagou.com/jobs/3812970.html
java工程师,微贷网,10k-20k,杭州・四季青,1天前发布,https://www.lagou.com/jobs/3813653.html
Java开发工程师,京东商城,18k-36k,北京・亦庄,1天前发布,https://www.lagou.com/jobs/3813633.html
Java开发工程师,有鱼金融科技,15k-25k,上海・漕宝路,2天前发布,https://www.lagou.com/jobs/3442081.html
Java开发工程师,中金支付有限公司,10k-20k,北京・永定门,2017-11-02,https://www.lagou.com/jobs/429813.html
Java开发工程师,江苏亿科达,10k-15k,上海・斜土路,2天前发布,https://www.lagou.com/jobs/3298426.html
JAVA工程师,桔子分期,8k-10k,大连・海事大学,2天前发布,https://www.lagou.com/jobs/2814041.html
Java工程师,上海西信,7k-14k,乌鲁木齐・天山区,2天前发布,https://www.lagou.com/jobs/3357842.html
Java开发工程师,腾展叮咚（Dingtone）,15k-30k,杭州・文三路,1天前发布,https://www.lagou.com/jobs/2738872.html
Java开发工程师,zilliz,15k-30k,上海・徐汇区,1天前发布,https://www.lagou.com/jobs/3320102.html
Java工程师,拉勾网,15k-30k,北京・苏州街,2017-11-06,https://www.lagou.com/jobs/3237453.html
Java,泛微,12k-18k,上海・浦江,2天前发布,https://www.lagou.com/jobs/1939134.html
JAVA开发工程师,苏宁云商,10k-20k,南京・玄武区,1天前发布,https://www.lagou.com/jobs/3812991.html
Java开发工程师,链家上海研发中心,15k-24k,上海・吴江路,2天前发布,https://www.lagou.com/jobs/699510.html
Java工程师,桔子分期,15k-30k,北京・朝阳区,2天前发布,https://www.lagou.com/jobs/3502674.html
Java工程师,zilliz,15k-30k,上海・徐汇区,1天前发布,https://www.lagou.com/jobs/3702230.html
Java开发工程师,江苏亿科达,10k-15k,上海・浦东新区,2天前发布,https://www.lagou.com/jobs/3643587.html
Java,有鱼金融科技,12k-20k,上海・漕宝路,2天前发布,https://www.lagou.com/jobs/3442249.html
Java开发工程师,远传技术,15k-30k,杭州・江南,2天前发布,https://www.lagou.com/jobs/3294519.html
Java工程师,宗盛智能,13k-18k,杭州・仓前,2天前发布,https://www.lagou.com/jobs/2156064.html
java开发（上海）,平安普惠,15k-30k,上海・浦东新区,2天前发布,https://www.lagou.com/jobs/3267682.html
JAVA,kargocard,15k-30k,上海・静安区,2天前发布,https://www.lagou.com/jobs/3079854.html
JAVA开发工程师,新致软件,13k-18k,杭州・西溪,2天前发布,https://www.lagou.com/jobs/3369944.html
Java开发工程师,浙江执御信息技术有限公司,19k-28k,杭州・三墩,1天前发布,https://www.lagou.com/jobs/3214350.html
Java,鲁班软件,15k-20k,上海・杨浦区,2天前发布,https://www.lagou.com/jobs/3573149.html
Java工程师,拉勾网,15k-25k,北京・中关村,2017-11-06,https://www.lagou.com/jobs/2914210.html
Java开发,泛微,12k-16k,上海・浦江,2天前发布,https://www.lagou.com/jobs/2485359.html
Java开发工程师,链家上海研发中心,15k-24k,上海・吴江路,2天前发布,https://www.lagou.com/jobs/677168.html
Java工程师,zilliz,15k-30k,杭州・仓前,1天前发布,https://www.lagou.com/jobs/3722417.html
Java工程师,有鱼金融科技,12k-24k,上海・漕宝路,2天前发布,https://www.lagou.com/jobs/1265104.html
java开发工程师,江苏亿科达,10k-20k,上海・静安区,1天前发布,https://www.lagou.com/jobs/3292448.html
java工程师,桔子分期,20k-30k,北京・小营,2天前发布,https://www.lagou.com/jobs/2701681.html
高级架构师-Java,心理壹点灵,25k-35k,杭州・滨江区,1天前发布,https://www.lagou.com/jobs/3177909.html
Java,壹米滴答,15k-30k,上海,1天前发布,https://www.lagou.com/jobs/2517279.html
Java开发,灿福科技,12k-18k,上海・江苏路地铁,2天前发布,https://www.lagou.com/jobs/3175811.html
java开发工程师,远传技术,9k-18k,杭州・滨江区,2天前发布,https://www.lagou.com/jobs/2261783.html
JAVA,足记,13k-20k,上海・静安寺,2天前发布,https://www.lagou.com/jobs/3537171.html
Java,北京盛安德,10k-15k,青岛・浮山,07:36发布,https://www.lagou.com/jobs/3478834.html
Java开发工程师,东方财富,15k-20k,上海・徐家汇,2天前发布,https://www.lagou.com/jobs/2736490.html
java,亿通国际,11k-20k,上海・张江,2天前发布,https://www.lagou.com/jobs/3199602.html
JAVA后端开发,拉勾网,15k-25k,北京・苏州街,2017-11-08,https://www.lagou.com/jobs/3754341.html
java研发,泛微,12k-15k,上海・浦江,2天前发布,https://www.lagou.com/jobs/2601218.html
java,壹米滴答,15k-30k,上海・青浦区,1天前发布,https://www.lagou.com/jobs/2824991.html
JAVA开发工程师,好未来,20k-40k,北京・海淀区,2天前发布,https://www.lagou.com/jobs/3597995.html
Java工程师,大钱信息,13k-18k,上海・交通大学,2天前发布,https://www.lagou.com/jobs/3144548.html
Java开发工程师,爱回收,15k-20k,上海・复旦大学,2天前发布,https://www.lagou.com/jobs/3613386.html
Java开发,有鱼金融科技,15k-28k,上海・漕宝路,2天前发布,https://www.lagou.com/jobs/688530.html
Java,新致软件,10k-15k,杭州・古墩路,2天前发布,https://www.lagou.com/jobs/1257292.html
Java研发工程师,华卓科技,15k-25k,杭州・东新路,1天前发布,https://www.lagou.com/jobs/3699692.html
Java,达西科技,15k-30k,杭州・西兴,1天前发布,https://www.lagou.com/jobs/2464829.html
Java,蚂蚁金服集团,28k-43k,杭州・西湖,2天前发布,https://www.lagou.com/jobs/1783084.html
Java开发工程师,Trusfort芯盾时代,15k-25k,南京・玄武区,2天前发布,https://www.lagou.com/jobs/2834849.html
Java开发工程师,江苏亿科达,10k-15k,上海・张江,2天前发布,https://www.lagou.com/jobs/3287131.html
JAVA开发工程师,咪咕,15k-30k,厦门・思明区,3天前发布,https://www.lagou.com/jobs/3682253.html
Java开发工程师,上丁营销,12k-20k,北京・果园,1天前发布,https://www.lagou.com/jobs/3813045.html
JAVA研发,泛微,12k-15k,上海・浦江,2天前发布,https://www.lagou.com/jobs/2631104.html
Java,北京盛安德,10k-15k,青岛・浮山,07:36发布,https://www.lagou.com/jobs/3678441.html
Java开发工程师,小狗在家,10k-20k,上海・徐汇区,2天前发布,https://www.lagou.com/jobs/3084325.html
Java开发工程师,远传技术,10k-20k,杭州・下城区,2天前发布,https://www.lagou.com/jobs/3658915.html
Java开发工程师,文思海辉,10k-15k,郑州・北林路,2天前发布,https://www.lagou.com/jobs/3661630.html
Java开发,上海傲梦网络科技有限公司,15k-25k,上海・中山公园,2天前发布,https://www.lagou.com/jobs/3666752.html
Java开发工程师,美团点评,20k-40k,北京・望京,2天前发布,https://www.lagou.com/jobs/3121715.html
JAVA开发工程师,陪你练,15k-30k,上海・周家嘴路,2天前发布,https://www.lagou.com/jobs/3578896.html
Java开发工程师,Trusfort芯盾时代,15k-25k,北京,2天前发布,https://www.lagou.com/jobs/2530411.html
Java工程师,寻宝天行,15k-25k,北京・北苑,2天前发布,https://www.lagou.com/jobs/3494747.html
Java开发工程师,同程旅游,15k-25k,上海・陆家嘴,2天前发布,https://www.lagou.com/jobs/2985125.html
java工程师,爱回收,15k-25k,上海・复旦大学,2天前发布,https://www.lagou.com/jobs/3676011.html
Java工程师,北京捷越联合,15k-20k,北京・朝阳门,2天前发布,https://www.lagou.com/jobs/3447821.html
Java开发工程师,浙江执御信息技术有限公司,15k-30k,杭州・拱墅区,2天前发布,https://www.lagou.com/jobs/3283731.html
Java工程师,海拍客,10k-20k,杭州・西湖区,1天前发布,https://www.lagou.com/jobs/2219459.html
java研发工程师,泛微,15k-20k,上海・闵行区,2天前发布,https://www.lagou.com/jobs/2860376.html
Java工程师,网营科技,10k-17k,杭州・西溪,1天前发布,https://www.lagou.com/jobs/1777760.html
java,一下集团,15k-25k,北京・望京,1天前发布,https://www.lagou.com/jobs/3535165.html
java开发工程师,欧电云,15k-25k,上海・张江,2天前发布,https://www.lagou.com/jobs/2623905.html
Java工程师,指纹科技,8k-16k,厦门・莲坂,2天前发布,https://www.lagou.com/jobs/2799583.html
Java,圆通,15k-25k,上海・青浦区,2天前发布,https://www.lagou.com/jobs/3622881.html
Java工程师,美团点评,20k-30k,北京・望京,00:29发布,https://www.lagou.com/jobs/3122286.html
Java工程师,乐言科技,15k-30k,上海・交通大学,1天前发布,https://www.lagou.com/jobs/2265293.html
Java,北京戎超科技有限公司,15k-25k,北京,2天前发布,https://www.lagou.com/jobs/2539580.html
JAVA开发工程师,好未来,20k-40k,北京・中关村,2天前发布,https://www.lagou.com/jobs/3123860.html
JAVA开发工程师,老字号＋,15k-25k,杭州・仓前,2天前发布,https://www.lagou.com/jobs/3220692.html
java开发工程师,同程旅游,15k-25k,苏州・工业园区,2天前发布,https://www.lagou.com/jobs/1613352.html
Java工程师,猪八戒网,10k-20k,重庆・渝北区,2天前发布,https://www.lagou.com/jobs/1763580.html
